"","Student ID","Course","Term Code","Earned Academic Credit","Final Letter Grade Group","Final Letter Grade","GPA Quality Points"
"1",8425267,"ACC221","201910","Y","C","C+",2.3
"2",8425267,"BUS104","201810","Y","A","A-",3.7
"3",8425267,"CSE148","201820","Y","D","D+",1.3
"4",8425267,"ECO201","201820","Y","C","C+",2.3
"5",8425267,"ISA225","202010","Y","B","B+",3.3
"6",8425267,"ISA235","201920","Y","B","B",3
"7",8425267,"MGT291","202010","Y","A","A",4
"8",8425267,"MTH151","201820","Y","B","B-",2.7
"9",8401257,"ACC221","201820","Y","B","B+",3.3
"10",8401257,"BUS104","201810","Y","B","B",3
"11",8401257,"CSE148","201820","Y","A","A-",3.7
"12",8401257,"ECO201","201810","Y","A","A",4
"13",8401257,"ISA225","201820","Y","B","B",3
"14",8401257,"ISA235","201910","Y","A","A",4
"15",8401257,"MGT291","201920","Y","A","A-",3.7
"16",8401257,"MTH151","201710","Y","B","B",3
"17",8398877,"ACC221","201920","Y","C","C+",2.3
"18",8398877,"BUS104","201920","Y","A","A-",3.7
"19",8398877,"CSE148","201910","Y","B","B",3
"20",8398877,"ECO201","202010","Y","B","B-",2.7
"21",8398877,"FIN301","202030","Y","B","B",3
"22",8398877,"MGT291","202015","Y","C","C",2
"23",8398877,"MTH151","201810","Y","A","A-",3.7
"24",8398329,"ACC221","201820","Y","A","A",4
"25",8398329,"BUS104","201810","Y","A","A",4
"26",8398329,"CSE148","201820","Y","A","A",4
"27",8398329,"ECO201","201910","Y","A","A",4
"28",8398329,"FIN301","201920","Y","A","A",4
"29",8398329,"ISA225","201920","Y","A","A",4
"30",8398329,"ISA235","201910","Y","A","A-",3.7
"31",8398329,"MGT291","201920","Y","A","A",4
"32",8398303,"ACC221","201920","Y","C","C-",1.7
"33",8398303,"BUS104","201910","Y","B","B+",3.3
"34",8398303,"CSE148","201920","Y","B","B-",2.7
"35",8398303,"ECO201","202010","Y","B","B",3
"36",8398303,"FIN301","202030","Y","C","C",2
"37",8398303,"ISA225","201920","Y","C","C",2
"38",8398303,"ISA235","202010","Y","B","B",3
"39",8398303,"MGT291","202110","Y","A","A",4
"40",8398165,"ACC221","201820","Y","A","A-",3.7
"41",8398165,"BUS104","201810","Y","A","A",4
"42",8398165,"CSE148","201820","Y","A","A-",3.7
"43",8398165,"ECO201","201910","Y","A","A",4
"44",8398165,"FIN301","201920","Y","A","A",4
"45",8398165,"ISA225","201910","Y","B","B+",3.3
"46",8398165,"ISA235","201910","Y","B","B+",3.3
"47",8398165,"MGT291","201920","Y","A","A-",3.7
"48",8398165,"MTH151","201810","Y","A","A",4
"49",8398087,"ACC221","201820","Y","B","B",3
"50",8398087,"BUS104","201820","Y","A","A",4
"51",8398087,"CSE148","201810","Y","B","B+",3.3
"52",8398087,"ECO201","201910","Y","A","A",4
"53",8398087,"FIN301","202010","Y","C","C+",2.3
"54",8398087,"ISA225","201910","Y","B","B-",2.7
"55",8398087,"ISA235","201910","Y","B","B",3
"56",8398087,"MGT291","201920","Y","B","B",3
"57",8398087,"MTH151","201810","Y","B","B-",2.7
"58",8389477,"BUS104","201820","Y","A","A-",3.7
"59",8389477,"CSE148","201810","Y","A","A-",3.7
"60",8389477,"FIN301","202110","Y","B","B+",3.3
"61",8389477,"ISA225","201920","Y","B","B",3
"62",8389477,"ISA235","201910","Y","A","A",4
"63",8389477,"MGT291","202030","Y","A","A",4
"64",8389477,"MTH151","201810","Y","B","B+",3.3
"65",8389212,"ACC221","201820","Y","C","C",2
"66",8389212,"BUS104","201810","Y","B","B+",3.3
"67",8389212,"CSE148","201820","Y","C","C-",1.7
"68",8389212,"FIN301","201920","Y","C","C",2
"69",8389212,"ISA225","201910","Y","B","B",3
"70",8389212,"ISA235","201920","Y","A","A-",3.7
"71",8389212,"MGT291","202010","Y","A","A",4
"72",8389050,"ACC221","201810","Y","C","C+",2.3
"73",8389050,"BUS104","201820","Y","B","B",3
"74",8389050,"CSE148","201830","Y","A","A-",3.7
"75",8389050,"ISA225","201910","Y","B","B",3
"76",8389050,"ISA235","201910","Y","B","B",3
"77",8387363,"ACC221","201820","Y","B","B+",3.3
"78",8387363,"BUS104","201820","Y","A","A-",3.7
"79",8387363,"CSE148","201810","Y","A","A-",3.7
"80",8387363,"FIN301","202010","Y","B","B+",3.3
"81",8387363,"ISA225","201910","Y","B","B",3
"82",8387363,"ISA235","201910","Y","B","B+",3.3
"83",8387363,"MGT291","201910","Y","B","B",3
"84",8387197,"ACC221","201810","Y","B","B",3
"85",8387197,"BUS104","201810","Y","B","B",3
"86",8387197,"CSE148","201820","Y","A","A",4
"87",8387197,"ECO201","201910","Y","B","B-",2.7
"88",8387197,"FIN301","201920","Y","B","B",3
"89",8387197,"ISA225","201930","Y","B","B",3
"90",8387197,"ISA235","201910","Y","B","B",3
"91",8387197,"MGT291","201910","Y","A","A-",3.7
"92",8387094,"ACC221","201910","Y","B","B-",2.7
"93",8387094,"BUS104","201920","Y","B","B+",3.3
"94",8387094,"CSE148","201910","Y","C","C+",2.3
"95",8387094,"ECO201","201820","Y","B","B",3
"96",8387094,"FIN301","202030","Y","A","A-",3.7
"97",8387094,"ISA225","201920","Y","B","B-",2.7
"98",8387094,"ISA235","201920","Y","B","B",3
"99",8387094,"MGT291","202015","Y","B","B",3
"100",8387094,"MTH151","201810","Y","B","B",3
"101",8387041,"ACC221","201820","Y","A","A-",3.7
"102",8387041,"BUS104","201810","Y","A","A",4
"103",8387041,"CSE148","201820","Y","A","A",4
"104",8387041,"ISA225","201910","Y","A","A",4
"105",8387041,"ISA235","201910","Y","B","B+",3.3
"106",8387041,"MGT291","202010","Y","A","A",4
"107",8386564,"ACC221","201910","Y","B","B-",2.7
"108",8386564,"BUS104","201820","Y","B","B",3
"109",8386564,"CSE148","201810","Y","A","A",4
"110",8386564,"ECO201","201920","Y","B","B+",3.3
"111",8386564,"FIN301","202010","Y","A","A",4
"112",8386564,"ISA225","201910","Y","B","B",3
"113",8386564,"ISA235","201910","Y","B","B",3
"114",8386564,"MGT291","202015","Y","A","A-",3.7
"115",8386564,"MTH151","201810","Y","B","B",3
"116",8386140,"ACC221","201820","Y","B","B+",3.3
"117",8386140,"BUS104","201810","Y","A","A",4
"118",8386140,"CSE148","201820","Y","A","A-",3.7
"119",8386140,"ISA225","201920","Y","A","A-",3.7
"120",8386140,"ISA235","201910","Y","B","B",3
"121",8386140,"MGT291","201910","Y","B","B+",3.3
"122",8386138,"ACC221","201820","Y","A","A",4
"123",8386138,"BUS104","201810","Y","A","A",4
"124",8386138,"CSE148","201820","Y","A","A",4
"125",8386138,"ECO201","201910","Y","A","A",4
"126",8386138,"FIN301","202110","Y","A","A",4
"127",8386138,"ISA225","201820","Y","A","A",4
"128",8386138,"ISA235","201910","Y","A","A-",3.7
"129",8386138,"MGT291","202020","Y","A","A",4
"130",8385894,"ACC221","201910","Y","B","B",3
"131",8385894,"BUS104","201820","Y","B","B-",2.7
"132",8385894,"CSE148","201810","Y","B","B+",3.3
"133",8385894,"ECO201","201910","Y","D","D+",1.3
"134",8385894,NA,"201920","Y","B","B",3
"135",8385894,"FIN301","202010","Y","B","B",3
"136",8385894,"ISA235","201920","Y","B","B+",3.3
"137",8385894,"MGT291","202015","Y","A","A-",3.7
"138",8385582,"ACC221","201910","Y","B","B+",3.3
"139",8385582,"BUS104","201820","Y","A","A-",3.7
"140",8385582,"CSE148","201810","Y","C","C+",2.3
"141",8385582,"ECO201","201910","Y","C","C",2
"142",8385582,"FIN301","202010","Y","C","C",2
"143",8385582,"ISA225","201820","Y","C","C+",2.3
"144",8385582,"ISA235","201920","Y","A","A-",3.7
"145",8385582,"MGT291","201910","Y","A","A-",3.7
"146",8384480,"ACC221","201820","Y","C","C-",1.7
"147",8384480,"BUS104","201810","Y","B","B+",3.3
"148",8384480,"CSE148","201820","Y","C","C",2
"149",8384480,"ECO201","201910","Y","D","D+",1.3
"150",8384480,"ISA235","201910","Y","B","B",3
"151",8384480,"MGT291","202010","Y","A","A",4
"152",8384327,"ACC221","201910","Y","B","B+",3.3
"153",8384327,"BUS104","201910","Y","A","A",4
"154",8384327,"CSE148","201920","Y","B","B+",3.3
"155",8384327,"ECO201","201820","Y","B","B-",2.7
"156",8384327,"FIN301","202010","Y","A","A-",3.7
"157",8384327,"ISA225","202010","Y","A","A-",3.7
"158",8384327,"ISA235","202010","Y","A","A",4
"159",8384327,"MGT291","201920","Y","B","B+",3.3
"160",8384327,"MTH151","201810","Y","A","A",4
"161",8383536,"ACC221","202010","Y","D","D-",0.7
"162",8383536,"BUS104","202020","Y","B","B",3
"163",8383536,"ECO201","201910","Y","C","C+",2.3
"164",8383536,"FIN301","202120","Y","B","B",3
"165",8383536,"ISA225","202210","Y","C","C+",2.3
"166",8383536,"ISA235","202115","Y","B","B",3
"167",8383536,"MGT291","202010","Y","B","B+",3.3
"168",8383536,"MTH151","201820","Y","A","A-",3.7
"169",8382573,"ACC221","201910","Y","A","A",4
"170",8382573,"BUS104","201820","Y","A","A",4
"171",8382573,"CSE148","201810","Y","A","A",4
"172",8382573,"ECO201","201910","Y","A","A",4
"173",8382573,"ISA225","201910","Y","A","A-",3.7
"174",8382573,"ISA235","202010","Y","B","B",3
"175",8382573,"MGT291","201830","Y","A","A-",3.7
"176",8382573,"MTH151","201810","Y","A","A+",4
"177",8382476,"ACC221","201810","Y","A","A",4
"178",8382476,"BUS104","201810","Y","A","A+",4
"179",8382476,"CSE148","201820","Y","A","A",4
"180",8382476,"FIN301","201920","Y","A","A",4
"181",8382476,"ISA225","201910","Y","A","A-",3.7
"182",8382476,"ISA235","201910","Y","A","A",4
"183",8382476,"MGT291","201920","Y","A","A",4
"184",8379976,"ACC221","201820","Y","D","D-",0.7
"185",8379976,"BUS104","201810","Y","B","B",3
"186",8379976,"CSE148","201820","Y","B","B",3
"187",8379976,"ISA225","201820","Y","C","C+",2.3
"188",8379976,"ISA235","201910","Y","C","C-",1.7
"189",8379976,"MGT291","201920","Y","B","B",3
"190",8379976,"MTH151","201810","Y","B","B+",3.3
"191",8379300,"ACC221","202010","Y","C","C-",1.7
"192",8379300,"BUS104","201910","Y","B","B+",3.3
"193",8379300,"CSE148","201810","Y","B","B",3
"194",8379300,"ECO201","201820","Y","D","D+",1.3
"195",8379300,"ISA225","201920","Y","B","B",3
"196",8379300,"ISA235","201910","Y","B","B",3
"197",8379300,"MGT291","201920","Y","B","B-",2.7
"198",8379300,"MTH151","201810","Y","D","D",1
"199",8379005,"ACC221","201910","Y","B","B+",3.3
"200",8379005,"BUS104","201810","Y","A","A-",3.7
"201",8379005,"CSE148","201820","Y","A","A",4
"202",8379005,"ECO201","201920","Y","B","B+",3.3
"203",8379005,"FIN301","202020","Y","A","A",4
"204",8379005,"ISA225","201910","Y","B","B",3
"205",8379005,"ISA235","201910","Y","B","B+",3.3
"206",8379005,"MGT291","201910","Y","B","B+",3.3
"207",8378360,"ACC221","201910","Y","B","B-",2.7
"208",8378360,"BUS104","201810","Y","A","A",4
"209",8378360,"CSE148","201820","Y","A","A",4
"210",8378360,"ECO201","201920","Y","B","B",3
"211",8378360,"FIN301","201930","Y","B","B",3
"212",8378360,"ISA225","201910","Y","B","B",3
"213",8378360,"ISA235","201910","Y","A","A",4
"214",8378360,"MGT291","201920","Y","A","A-",3.7
"215",8378360,"MTH151","201810","Y","B","B",3
"216",8378080,"ACC221","201910","Y","C","C+",2.3
"217",8378080,"BUS104","201810","Y","B","B+",3.3
"218",8378080,"CSE148","201820","Y","B","B+",3.3
"219",8378080,"FIN301","202010","Y","A","A",4
"220",8378080,"ISA225","201910","Y","B","B-",2.7
"221",8378080,"ISA235","201920","Y","A","A-",3.7
"222",8378080,"MGT291","201910","Y","A","A",4
"223",8378080,"MTH151","201810","Y","D","D",1
"224",8377378,"ACC221","201920","Y","B","B-",2.7
"225",8377378,"BUS104","201910","Y","A","A-",3.7
"226",8377378,"CSE148","201820","Y","A","A-",3.7
"227",8377378,"ECO201","201920","Y","A","A-",3.7
"228",8377378,"ISA225","201910","Y","A","A-",3.7
"229",8377378,"ISA235","201920","Y","B","B+",3.3
"230",8377378,"MGT291","202020","Y","A","A",4
"231",8377378,"MTH151","201810","Y","B","B",3
"232",8377224,"ACC221","201820","Y","B","B-",2.7
"233",8377224,"BUS104","201810","Y","A","A",4
"234",8377224,"CSE148","201820","Y","A","A",4
"235",8377224,"FIN301","202010","Y","C","C",2
"236",8377224,"ISA225","201910","Y","B","B-",2.7
"237",8377224,"ISA235","201910","Y","A","A",4
"238",8377224,"MGT291","201920","Y","B","B",3
"239",8374059,"ACC221","201820","Y","C","C",2
"240",8374059,"BUS104","201810","Y","A","A",4
"241",8374059,"CSE148","201820","Y","B","B-",2.7
"242",8374059,"FIN301","201920","Y","B","B-",2.7
"243",8374059,"ISA225","201920","Y","A","A-",3.7
"244",8374059,"ISA235","201910","Y","B","B+",3.3
"245",8374059,"MGT291","201920","Y","A","A+",4
"246",8373905,"ACC221","201910","Y","C","C+",2.3
"247",8373905,"BUS104","201810","Y","B","B+",3.3
"248",8373905,"CSE148","201820","Y","C","C+",2.3
"249",8373905,"ECO201","201910","Y","D","D",1
"250",8373905,"FIN301","202010","Y","B","B",3
"251",8373905,"ISA225","202030","Y","D","D",1
"252",8373905,NA,"202110","Y","C","C+",2.3
"253",8373905,"ISA235","201910","Y","B","B",3
"254",8373905,"MGT291","201910","Y","C","C",2
"255",8373905,"MTH151","202020","Y","D","D",1
"256",8373893,"ACC221","201910","Y","B","B+",3.3
"257",8373893,"BUS104","201920","Y","A","A-",3.7
"258",8373893,"CSE148","201910","Y","A","A",4
"259",8373893,"ECO201","201820","Y","A","A",4
"260",8373893,"FIN301","202010","Y","A","A+",4
"261",8373893,"ISA225","201920","Y","A","A-",3.7
"262",8373893,"ISA235","202010","Y","A","A-",3.7
"263",8373893,"MGT291","202010","Y","A","A",4
"264",8373123,"ACC221","201910","Y","A","A-",3.7
"265",8373123,"BUS104","201820","Y","B","B+",3.3
"266",8373123,"CSE148","201810","Y","B","B",3
"267",8373123,"ECO201","201910","Y","B","B+",3.3
"268",8373123,"FIN301","202010","Y","B","B",3
"269",8373123,"ISA225","201910","Y","B","B",3
"270",8373123,"ISA235","201920","Y","A","A",4
"271",8373123,"MGT291","201920","Y","A","A",4
"272",8372995,"ACC221","201820","Y","C","C+",2.3
"273",8372995,"BUS104","201820","Y","B","B",3
"274",8372995,"CSE148","201810","Y","A","A",4
"275",8372995,"FIN301","201920","Y","C","C",2
"276",8372995,"ISA225","201920","Y","B","B",3
"277",8372995,"ISA235","201910","Y","B","B",3
"278",8372995,"MGT291","201910","Y","B","B+",3.3
"279",8372995,"MTH151","201810","Y","B","B+",3.3
"280",8372868,"ACC221","201810","Y","B","B+",3.3
"281",8372868,"BUS104","201820","Y","A","A",4
"282",8372868,"CSE148","201810","Y","A","A",4
"283",8372868,"FIN301","201920","Y","B","B+",3.3
"284",8372868,"ISA235","201910","Y","B","B+",3.3
"285",8372868,"MGT291","201920","Y","A","A",4
"286",8372734,"ACC221","201910","Y","C","C",2
"287",8372734,"BUS104","201810","Y","B","B",3
"288",8372734,"CSE148","201820","Y","C","C-",1.7
"289",8372734,"ECO201","201910","Y","D","D",1
"290",8372734,NA,"202015","Y","A","A-",3.7
"291",8372734,"FIN301","201920","Y","C","C",2
"292",8372734,"ISA225","201920","Y","B","B",3
"293",8372734,"ISA235","201910","Y","B","B-",2.7
"294",8372734,"MGT291","201920","Y","B","B-",2.7
"295",8372734,"MTH151","201810","Y","D","D-",0.7
"296",8371019,"ACC221","201820","Y","C","C",2
"297",8371019,"BUS104","201820","Y","A","A-",3.7
"298",8371019,"CSE148","201810","Y","C","C",2
"299",8371019,"ECO201","201910","Y","A","A",4
"300",8371019,"FIN301","201920","Y","B","B-",2.7
"301",8371019,"ISA225","201920","Y","B","B",3
"302",8371019,"ISA235","201910","Y","A","A-",3.7
"303",8370493,"ACC221","201820","Y","C","C",2
"304",8370493,"BUS104","201810","Y","B","B",3
"305",8370493,"CSE148","201820","Y","C","C-",1.7
"306",8370493,NA,"201920","Y","B","B+",3.3
"307",8370493,"FIN301","201920","Y","C","C",2
"308",8370493,"ISA225","201910","Y","B","B-",2.7
"309",8370493,"ISA235","201910","Y","A","A",4
"310",8370493,"MGT291","201920","Y","B","B",3
"311",8370493,"MTH151","201810","Y","B","B",3
"312",8369816,"ACC221","201910","Y","B","B",3
"313",8369816,"BUS104","201920","Y","A","A",4
"314",8369816,"CSE148","201910","Y","B","B",3
"315",8369816,"ECO201","201820","Y","A","A",4
"316",8369816,"FIN301","202015","Y","A","A",4
"317",8369816,"ISA225","202010","Y","B","B",3
"318",8369816,"ISA235","202010","Y","A","A-",3.7
"319",8369816,"MGT291","201920","Y","A","A-",3.7
"320",8369816,"MTH151","201810","Y","C","C+",2.3
"321",8369263,"ACC221","201820","Y","B","B-",2.7
"322",8369263,"BUS104","201810","Y","A","A",4
"323",8369263,"CSE148","201820","Y","B","B+",3.3
"324",8369263,"FIN301","201920","Y","C","C",2
"325",8369263,"ISA225","201820","Y","B","B",3
"326",8369263,"ISA235","201910","Y","B","B",3
"327",8369263,"MGT291","201820","Y","B","B+",3.3
"328",8368925,"ACC221","201810","Y","B","B+",3.3
"329",8368925,"BUS104","201810","Y","A","A",4
"330",8368925,"CSE148","201820","Y","A","A",4
"331",8368925,"ECO201","201910","Y","A","A",4
"332",8368925,"FIN301","202010","Y","B","B+",3.3
"333",8368925,"ISA225","201910","Y","A","A",4
"334",8368925,"ISA235","201910","Y","A","A",4
"335",8368925,"MGT291","201910","Y","A","A",4
"336",8368121,"ACC221","201810","Y","A","A-",3.7
"337",8368121,"BUS104","201820","Y","A","A",4
"338",8368121,"CSE148","201810","Y","A","A",4
"339",8368121,"ECO201","201910","Y","A","A",4
"340",8368121,"FIN301","201920","Y","A","A",4
"341",8368121,"ISA225","201820","Y","A","A-",3.7
"342",8368121,"ISA235","201910","Y","A","A-",3.7
"343",8368121,"MGT291","201920","Y","A","A-",3.7
"344",8366918,"ACC221","201810","Y","B","B-",2.7
"345",8366918,"BUS104","201810","Y","B","B",3
"346",8366918,"CSE148","201820","Y","B","B",3
"347",8366918,"ECO201","201820","Y","B","B",3
"348",8366918,"FIN301","201920","Y","B","B",3
"349",8366918,"ISA225","201810","Y","C","C+",2.3
"350",8366918,"ISA235","201910","Y","A","A",4
"351",8366918,"MGT291","201910","Y","B","B",3
"352",8365422,"ACC221","201820","Y","A","A",4
"353",8365422,"BUS104","201810","Y","A","A+",4
"354",8365422,"CSE148","201820","Y","A","A",4
"355",8365422,"FIN301","202020","Y","A","A",4
"356",8365422,"ISA225","201910","Y","A","A",4
"357",8365422,"ISA235","201910","Y","A","A",4
"358",8365422,"MGT291","201920","Y","A","A",4
"359",8365422,"MTH151","201820","Y","A","A",4
"360",8365162,"ACC221","201820","Y","C","C-",1.7
"361",8365162,"BUS104","201820","Y","A","A",4
"362",8365162,"CSE148","201810","Y","A","A",4
"363",8365162,"ECO201","201920","Y","A","A",4
"364",8365162,"FIN301","202110","Y","B","B-",2.7
"365",8365162,"ISA225","201920","Y","B","B",3
"366",8365162,"ISA235","201920","Y","A","A-",3.7
"367",8365162,"MGT291","201830","Y","A","A-",3.7
"368",8365162,"MTH151","201810","Y","A","A-",3.7
"369",8364032,"ACC221","201820","Y","B","B+",3.3
"370",8364032,"BUS104","201820","Y","A","A-",3.7
"371",8364032,"CSE148","201810","Y","B","B",3
"372",8364032,"ECO201","201810","Y","B","B",3
"373",8364032,"FIN301","202110","Y","A","A-",3.7
"374",8364032,"ISA225","201910","Y","B","B",3
"375",8364032,"ISA235","201910","Y","A","A",4
"376",8357001,"BUS104","202010","Y","A","A-",3.7
"377",8357001,"CSE148","201920","Y","B","B-",2.7
"378",8357001,"ECO201","201820","Y","B","B",3
"379",8357001,"FIN301","202215","Y","C","C-",1.7
"380",8357001,"ISA225","202120","Y","B","B",3
"381",8357001,"ISA235","202020","Y","B","B-",2.7
"382",8357001,"MGT291","202230","Y","B","B",3
"383",8357001,"MTH151","201910","Y","B","B-",2.7
"384",8355890,"ACC221","201920","Y","B","B",3
"385",8355890,"BUS104","202010","Y","A","A",4
"386",8355890,"CSE148","201920","Y","B","B+",3.3
"387",8355890,"ECO201","201910","Y","A","A",4
"388",8355890,"FIN301","202120","Y","A","A",4
"389",8355890,"ISA225","202010","Y","A","A",4
"390",8355890,"ISA235","202010","Y","A","A-",3.7
"391",8355890,"MGT291","202020","Y","B","B-",2.7
"392",8355890,"MTH151","201810","Y","A","A+",4
"393",8354519,"ACC221","201910","Y","B","B+",3.3
"394",8354519,"BUS104","201910","Y","A","A-",3.7
"395",8354519,"CSE148","201810","Y","A","A",4
"396",8354519,"ECO201","201820","Y","A","A",4
"397",8354519,"FIN301","202030","Y","A","A-",3.7
"398",8354519,"ISA225","202010","Y","A","A-",3.7
"399",8354519,"ISA235","201920","Y","B","B+",3.3
"400",8354519,"MGT291","201920","Y","A","A-",3.7
"401",8354519,"MTH151","201810","Y","A","A+",4
"402",8351487,"BUS104","202020","Y","B","B+",3.3
"403",8351487,"CSE148","202015","Y","A","A",4
"404",8351487,"ISA235","202020","Y","B","B+",3.3
"405",8351487,"MGT291","202120","Y","A","A+",4
"406",8351487,"MTH151","201920","Y","B","B-",2.7
"407",8341458,"ACC221","201920","Y","C","C+",2.3
"408",8341458,"BUS104","201910","Y","A","A-",3.7
"409",8341458,"CSE148","201920","Y","A","A-",3.7
"410",8341458,"ECO201","201910","Y","B","B",3
"411",8341458,"ISA235","202010","Y","B","B",3
"412",8341458,"MGT291","202020","Y","B","B+",3.3
"413",8341263,"ACC221","202010","Y","C","C",2
"414",8341263,"BUS104","201920","Y","B","B+",3.3
"415",8341263,"CSE148","201910","Y","B","B-",2.7
"416",8341263,"ECO201","202010","Y","C","C",2
"417",8341263,"ISA235","202010","Y","B","B",3
"418",8338465,"ACC221","201920","Y","D","D+",1.3
"419",8338465,"BUS104","201910","Y","B","B+",3.3
"420",8338465,"CSE148","201920","Y","A","A",4
"421",8338465,"ECO201","202010","Y","C","C-",1.7
"422",8338465,"FIN301","202110","Y","B","B",3
"423",8338465,"ISA125","202110","Y","A","A-",3.7
"424",8338465,"ISA225","202120","Y","B","B+",3.3
"425",8338465,"ISA235","202020","Y","A","A",4
"426",8338465,"MGT291","202010","Y","A","A",4
"427",8336795,"ACC221","202010","Y","B","B-",2.7
"428",8336795,"BUS104","201920","Y","A","A-",3.7
"429",8336795,"CSE148","201910","Y","B","B",3
"430",8336795,"ECO201","202010","Y","B","B-",2.7
"431",8336795,"FIN301","202020","Y","C","C+",2.3
"432",8336795,"ISA235","202110","Y","B","B+",3.3
"433",8336795,"MGT291","202120","Y","A","A-",3.7
"434",8336766,"ACC221","202010","Y","A","A-",3.7
"435",8336766,"BUS104","201910","Y","A","A+",4
"436",8336766,"CSE148","201920","Y","A","A",4
"437",8336766,"ECO201","202010","Y","A","A",4
"438",8336766,"FIN301","202210","Y","A","A",4
"439",8336766,"ISA235","202010","Y","A","A-",3.7
"440",8336766,"MGT291","202010","Y","A","A",4
"441",8336766,"MTH151","201910","Y","A","A",4
"442",8336655,"BUS104","201920","Y","C","C+",2.3
"443",8336655,"CSE148","201910","Y","B","B",3
"444",8336655,"ECO201","202010","Y","C","C",2
"445",8336655,"MGT291","202020","Y","B","B+",3.3
"446",8336578,"ACC221","201920","Y","D","D",1
"447",8336578,"BUS104","201910","Y","B","B-",2.7
"448",8336578,"CSE148","201920","Y","B","B",3
"449",8336578,"ECO201","202010","Y","D","D",1
"450",8336578,"ISA235","202010","Y","C","C",2
"451",8336578,"MGT291","202120","Y","B","B-",2.7
"452",8336139,"ACC221","201920","Y","C","C-",1.7
"453",8336139,"BUS104","201910","Y","B","B",3
"454",8336139,"CSE148","201920","Y","C","C+",2.3
"455",8336139,"FIN301","202010","Y","A","A",4
"456",8336139,"ISA235","202010","Y","B","B",3
"457",8336139,"MGT291","202015","Y","A","A-",3.7
"458",8336051,"ACC221","202010","Y","B","B+",3.3
"459",8336051,"CSE148","202015","Y","A","A+",4
"460",8336051,"ISA235","202110","Y","A","A-",3.7
"461",8336051,"MGT291","202110","Y","A","A",4
"462",8336051,"MTH151","201920","Y","A","A",4
"463",8335099,"ACC221","201910","Y","B","B",3
"464",8335099,"BUS104","201910","Y","A","A",4
"465",8335099,"CSE148","201920","Y","A","A-",3.7
"466",8335099,"ECO201","202010","Y","A","A-",3.7
"467",8335099,"ISA225","202010","Y","B","B",3
"468",8335099,"ISA235","202010","Y","A","A-",3.7
"469",8334898,"ACC221","201920","Y","C","C+",2.3
"470",8334898,"BUS104","201910","Y","A","A-",3.7
"471",8334898,"CSE148","201920","Y","B","B",3
"472",8334898,"FIN301","202030","Y","C","C-",1.7
"473",8334898,"ISA225","201920","Y","B","B-",2.7
"474",8334898,"ISA235","202010","Y","B","B",3
"475",8334898,"MGT291","202010","Y","A","A",4
"476",8334506,"ACC221","201920","Y","C","C",2
"477",8334506,"BUS104","201920","Y","B","B",3
"478",8334506,"CSE148","201910","Y","A","A-",3.7
"479",8334506,"ECO201","202010","Y","C","C+",2.3
"480",8334506,"ISA225","202010","Y","C","C+",2.3
"481",8334506,"ISA235","202010","Y","B","B-",2.7
"482",8334506,"MTH151","201910","Y","B","B+",3.3
"483",8334152,"ACC221","202010","Y","C","C+",2.3
"484",8334152,"BUS104","201920","Y","C","C+",2.3
"485",8334152,"CSE148","201910","Y","B","B",3
"486",8334152,"FIN301","202110","Y","A","A",4
"487",8334152,"ISA235","201920","Y","B","B+",3.3
"488",8334152,"MGT291","202010","Y","B","B",3
"489",8333498,"ACC221","201920","Y","B","B",3
"490",8333498,"BUS104","201910","Y","A","A-",3.7
"491",8333498,"CSE148","201920","Y","B","B",3
"492",8333498,"ECO201","201910","Y","B","B",3
"493",8333498,"FIN301","202120","Y","C","C+",2.3
"494",8333498,"ISA235","202020","Y","A","A",4
"495",8333498,"MGT291","202110","Y","A","A",4
"496",8333444,"ACC221","201920","Y","A","A-",3.7
"497",8333444,"BUS104","201920","Y","A","A-",3.7
"498",8333444,"CSE148","201910","Y","A","A-",3.7
"499",8333444,"ECO201","202010","Y","A","A-",3.7
"500",8333444,"ISA235","202020","Y","A","A",4
"501",8333444,"MGT291","202110","Y","A","A",4
"502",8333444,"MTH151","201910","Y","A","A-",3.7
"503",8333381,"ACC221","201910","Y","B","B",3
"504",8333381,"BUS104","201910","Y","B","B+",3.3
"505",8333381,"CSE148","201920","Y","A","A-",3.7
"506",8333381,"ECO201","201920","Y","A","A-",3.7
"507",8333381,"FIN301","202020","Y","A","A",4
"508",8333381,"MGT291","202010","Y","A","A",4
"509",8333235,"ACC221","201920","Y","A","A-",3.7
"510",8333235,"BUS104","201910","Y","A","A-",3.7
"511",8333235,"CSE148","201920","Y","A","A",4
"512",8333235,"ECO201","202010","Y","A","A",4
"513",8333235,"ISA225","202010","Y","A","A-",3.7
"514",8333235,"ISA235","202110","Y","B","B+",3.3
"515",8331743,"ACC221","201910","Y","A","A",4
"516",8331743,"BUS104","201910","Y","A","A+",4
"517",8331743,"CSE148","201920","Y","A","A",4
"518",8331743,"FIN301","202020","Y","A","A-",3.7
"519",8331743,"ISA225","202010","Y","A","A",4
"520",8331743,"ISA235","202010","Y","A","A",4
"521",8331743,"MGT291","202020","Y","A","A-",3.7
"522",8331618,"ACC221","202020","Y","A","A",4
"523",8331618,"BUS104","202110","Y","A","A+",4
"524",8331618,"CSE148","202030","Y","A","A+",4
"525",8331618,"ECO201","202015","Y","A","A-",3.7
"526",8331618,"FIN301","202210","Y","A","A",4
"527",8331618,"ISA225","202120","Y","A","A",4
"528",8331618,"ISA235","202110","Y","A","A-",3.7
"529",8331618,"MGT291","202210","Y","A","A",4
"530",8331618,"MTH151","201910","Y","A","A",4
"531",8331244,"ACC221","201920","Y","C","C-",1.7
"532",8331244,"BUS104","201910","Y","A","A",4
"533",8331244,"CSE148","201920","Y","A","A-",3.7
"534",8331244,"FIN301","202010","Y","B","B-",2.7
"535",8331244,"ISA225","202010","Y","A","A-",3.7
"536",8331244,"ISA235","202020","Y","A","A",4
"537",8330667,"ACC221","201910","Y","A","A",4
"538",8330667,"BUS104","201920","Y","A","A+",4
"539",8330667,"CSE148","201910","Y","A","A",4
"540",8330667,"ECO201","202010","Y","A","A+",4
"541",8330667,"FIN301","202115","Y","A","A+",4
"542",8330667,"ISA225","201920","Y","A","A+",4
"543",8330667,"ISA235","202010","Y","A","A",4
"544",8330667,"MGT291","202120","Y","A","A",4
"545",8330331,"ACC221","202010","Y","B","B+",3.3
"546",8330331,"BUS104","201910","Y","C","C+",2.3
"547",8330331,"CSE148","201920","Y","C","C-",1.7
"548",8330331,"ECO201","202010","Y","C","C+",2.3
"549",8330331,"FIN301","202020","Y","A","A-",3.7
"550",8330331,"ISA225","202110","Y","B","B",3
"551",8330331,"ISA235","202020","Y","B","B+",3.3
"552",8330331,"MGT291","202110","Y","A","A",4
"553",8330331,"MTH151","201910","Y","C","C-",1.7
"554",8329675,"ACC221","202010","Y","B","B-",2.7
"555",8329675,"BUS104","201910","Y","A","A-",3.7
"556",8329675,"CSE148","201920","Y","A","A-",3.7
"557",8329675,"ECO201","202020","Y","A","A",4
"558",8329675,"FIN301","202110","Y","B","B+",3.3
"559",8329675,"ISA225","202010","Y","C","C+",2.3
"560",8329675,"ISA235","202010","Y","A","A-",3.7
"561",8329675,"MTH151","201910","Y","B","B",3
"562",8329475,"ACC221","201910","Y","A","A-",3.7
"563",8329475,"BUS104","201910","Y","A","A-",3.7
"564",8329475,"CSE148","201920","Y","B","B",3
"565",8329475,"ISA235","202010","Y","A","A-",3.7
"566",8329475,"MGT291","202010","Y","A","A",4
"567",8327670,"ACC221","201920","Y","C","C+",2.3
"568",8327670,"BUS104","201910","Y","A","A",4
"569",8327670,"CSE148","201920","Y","A","A-",3.7
"570",8327670,"ECO201","202020","Y","B","B",3
"571",8327670,"FIN301","202120","Y","C","C-",1.7
"572",8327670,"ISA225","202210","Y","B","B",3
"573",8327670,"MGT291","202010","Y","A","A",4
"574",8327105,"ACC221","202010","Y","C","C+",2.3
"575",8327105,"BUS104","201910","Y","A","A-",3.7
"576",8327105,"CSE148","201920","Y","A","A-",3.7
"577",8327105,"ECO201","202010","Y","B","B+",3.3
"578",8327105,"FIN301","202110","Y","A","A",4
"579",8327105,"ISA235","202010","Y","B","B",3
"580",8327105,"MTH151","201910","Y","A","A",4
"581",8326128,"ACC221","201920","Y","A","A-",3.7
"582",8326128,"BUS104","201910","Y","A","A",4
"583",8326128,"CSE148","201920","Y","A","A",4
"584",8326128,"ECO201","201920","Y","A","A",4
"585",8326128,"ISA225","201920","Y","A","A",4
"586",8326128,"ISA235","201930","Y","A","A",4
"587",8326128,"MGT291","202010","Y","A","A+",4
"588",8325776,"BUS104","201920","Y","A","A",4
"589",8325776,"CSE148","201910","Y","A","A",4
"590",8325776,"FIN301","202120","Y","B","B-",2.7
"591",8325776,"ISA225","202020","Y","A","A",4
"592",8325776,"ISA235","202010","Y","A","A-",3.7
"593",8325776,"MGT291","202010","Y","A","A",4
"594",8325776,"MTH151","201910","Y","C","C+",2.3
"595",8324729,"CSE148","202030","Y","B","B",3
"596",8324729,"ECO201","201920","Y","C","C+",2.3
"597",8324729,"FIN301","202120","Y","D","D",1
"598",8324729,"ISA235","202110","Y","B","B",3
"599",8324729,"MGT291","202110","Y","B","B",3
"600",8323169,"ACC221","202110","Y","B","B-",2.7
"601",8323169,"BUS104","202120","Y","B","B",3
"602",8323169,"CSE148","202110","Y","A","A-",3.7
"603",8323169,"FIN301","202210","Y","D","D",1
"604",8323169,"ISA125","202110","Y","B","B-",2.7
"605",8323169,"ISA225","202210","Y","B","B",3
"606",8323169,"ISA235","202120","Y","B","B-",2.7
"607",8323169,"MGT291","202220","Y","A","A-",3.7
"608",8323169,"MGT295","202320","Y","B","B-",2.7
"609",8320580,"ACC221","202010","Y","B","B+",3.3
"610",8320580,"BUS104","201910","Y","B","B",3
"611",8320580,"CSE148","202010","Y","A","A-",3.7
"612",8320580,"ECO201","202010","Y","C","C",2
"613",8320580,"FIN301","202020","Y","C","C",2
"614",8320580,"ISA235","202110","Y","B","B+",3.3
"615",8320580,"MGT291","202115","Y","B","B+",3.3
"616",8319253,"ACC221","201920","Y","B","B",3
"617",8319253,"BUS104","201920","Y","A","A",4
"618",8319253,"CSE148","201910","Y","B","B+",3.3
"619",8319253,"FIN301","202115","Y","A","A",4
"620",8319253,"ISA225","202020","Y","B","B+",3.3
"621",8319253,"ISA235","202020","Y","A","A",4
"622",8319253,"MGT291","202010","Y","A","A",4
"623",8319253,"MTH151","201910","Y","A","A",4
"624",8318800,"ACC221","201920","Y","B","B-",2.7
"625",8318800,"BUS104","201910","Y","A","A-",3.7
"626",8318800,"CSE148","201920","Y","A","A-",3.7
"627",8318800,"FIN301","202215","Y","B","B",3
"628",8318800,"ISA235","202020","Y","A","A-",3.7
"629",8318800,"MGT291","202020","Y","A","A",4
"630",8317791,"ACC221","202010","Y","B","B-",2.7
"631",8317791,"BUS104","201910","Y","B","B",3
"632",8317791,"CSE148","201920","Y","A","A",4
"633",8317791,"FIN301","202210","Y","B","B",3
"634",8317791,"ISA225","201920","Y","B","B-",2.7
"635",8317791,"ISA235","202010","Y","B","B",3
"636",8317791,"MGT291","202110","Y","A","A",4
"637",8317382,"ACC221","202010","Y","B","B-",2.7
"638",8317382,"BUS104","201920","Y","B","B+",3.3
"639",8317382,"CSE148","201910","Y","A","A",4
"640",8317382,"FIN301","202220","Y","B","B",3
"641",8317382,"ISA225","202010","Y","B","B",3
"642",8317382,"ISA235","202010","Y","B","B+",3.3
"643",8317382,"MTH151","201910","Y","A","A+",4
"644",8316012,"BUS104","202020","Y","A","A-",3.7
"645",8316012,"CSE148","201930","Y","A","A+",4
"646",8316012,"ECO201","201910","Y","B","B",3
"647",8316012,"FIN301","202220","Y","C","C+",2.3
"648",8316012,"ISA225","202020","Y","B","B",3
"649",8316012,"ISA235","201930","Y","B","B+",3.3
"650",8316012,"MGT291","201930","Y","B","B",3
"651",8315620,"ACC221","202010","Y","C","C",2
"652",8315620,"BUS104","202010","Y","A","A-",3.7
"653",8315620,"CSE148","201910","Y","C","C",2
"654",8315620,"FIN301","202115","Y","C","C+",2.3
"655",8315620,"ISA235","202020","Y","A","A-",3.7
"656",8315620,"MGT291","202210","Y","C","C+",2.3
"657",8315620,"MTH151","201910","Y","C","C+",2.3
"658",8311225,"ACC221","202020","Y","A","A",4
"659",8311225,"BUS104","201920","Y","B","B+",3.3
"660",8311225,"CSE148","201910","Y","A","A",4
"661",8311225,"ISA225","202010","Y","B","B",3
"662",8311225,"ISA235","202010","Y","A","A-",3.7
"663",8311225,"MGT291","202020","Y","A","A",4
"664",8311225,"MTH151","201910","Y","A","A-",3.7
"665",8311146,"BUS104","201910","Y","A","A",4
"666",8311146,"CSE148","201920","Y","A","A",4
"667",8311146,"ISA225","202010","Y","B","B",3
"668",8311146,"ISA235","202010","Y","B","B",3
"669",8311146,"MTH151","201910","Y","A","A-",3.7
"670",8309076,"ACC221","201920","Y","C","C",2
"671",8309076,"BUS104","201920","Y","B","B+",3.3
"672",8309076,"CSE148","201910","Y","B","B+",3.3
"673",8309076,"ECO201","202020","Y","B","B",3
"674",8309076,"FIN301","202115","Y","B","B",3
"675",8309076,"ISA225","202010","Y","B","B",3
"676",8309076,"ISA235","202010","Y","B","B",3
"677",8309076,"MGT291","202020","Y","B","B+",3.3
"678",8309047,"ACC221","201920","Y","A","A",4
"679",8309047,"BUS104","201920","Y","A","A",4
"680",8309047,"CSE148","201910","Y","A","A",4
"681",8309047,"ECO201","202010","Y","A","A-",3.7
"682",8309047,"ISA225","202020","Y","A","A+",4
"683",8309047,"ISA235","202010","Y","B","B+",3.3
"684",8309047,"MTH151","201910","Y","A","A+",4
"685",8308960,"ACC221","202110","Y","B","B",3
"686",8308960,"BUS104","202110","Y","A","A",4
"687",8308960,"CSE148","202120","Y","A","A",4
"688",8308960,"ECO201","202210","Y","A","A",4
"689",8308960,"FIN301","202320","Y","A","A",4
"690",8308960,"ISA125","202210","Y","A","A+",4
"691",8308960,"ISA225","202220","Y","A","A",4
"692",8308960,"ISA235","202210","Y","A","A",4
"693",8308960,"MGT291","202210","Y","A","A-",3.7
"694",8308960,"MGT295","202320","Y","A","A-",3.7
"695",8308960,"MTH151","202120","Y","A","A",4
"696",8295511,"ACC221","202020","Y","A","A",4
"697",8295511,"BUS104","202010","Y","A","A",4
"698",8295511,"FIN301","202215","Y","A","A-",3.7
"699",8295511,"ISA225","202120","Y","A","A-",3.7
"700",8295511,"ISA235","202120","Y","A","A",4
"701",8295511,"MGT291","202110","Y","A","A+",4
"702",8295277,"ACC221","202020","Y","B","B+",3.3
"703",8295277,"BUS104","202010","Y","B","B",3
"704",8295277,"CSE148","202020","Y","A","A-",3.7
"705",8295277,"FIN301","202220","Y","D","D",1
"706",8295277,"ISA225","202120","Y","C","C",2
"707",8295277,"MGT291","202210","Y","B","B",3
"708",8295277,"MGT295","202310","Y","C","C",2
"709",8295277,"MTH151","202030","Y","C","C",2
"710",8294890,"BUS104","202010","Y","C","C",2
"711",8294890,"ECO201","202120","Y","C","C",2
"712",8294890,"ISA225","202120","N","F","F",0
"713",8294890,"ISA235","202120","Y","B","B+",3.3
"714",8294890,"MGT291","202120","Y","B","B-",2.7
"715",8294574,"ACC221","202010","Y","C","C",2
"716",8294574,"BUS104","202010","Y","B","B+",3.3
"717",8294574,"CSE148","202020","Y","A","A",4
"718",8294574,"ECO201","202110","Y","B","B",3
"719",8294574,"FIN301","202220","Y","B","B+",3.3
"720",8294574,"ISA225","202220","Y","A","A",4
"721",8294574,"ISA235","202120","Y","A","A-",3.7
"722",8294574,"MGT291","202220","Y","A","A-",3.7
"723",8294574,"MGT295","202320","Y","B","B",3
"724",8294324,"ACC221","202020","Y","A","A-",3.7
"725",8294324,"BUS104","202010","Y","A","A",4
"726",8294324,"CSE148","202015","Y","A","A",4
"727",8294324,"FIN301","202120","Y","A","A",4
"728",8294324,"ISA225","202020","Y","A","A",4
"729",8294324,"ISA235","202110","Y","A","A-",3.7
"730",8294324,"MGT291","202120","Y","A","A-",3.7
"731",8293553,"ACC221","202020","Y","A","A-",3.7
"732",8293553,"BUS104","202010","Y","A","A-",3.7
"733",8293553,"CSE148","202020","Y","A","A",4
"734",8293553,"ECO201","202010","Y","B","B",3
"735",8293553,"FIN301","202120","Y","A","A-",3.7
"736",8293553,"ISA225","202110","Y","A","A",4
"737",8293553,"ISA235","202120","Y","A","A",4
"738",8293553,"MGT291","202120","Y","A","A",4
"739",8293283,"ACC221","202020","Y","B","B",3
"740",8293283,"BUS104","202010","Y","B","B+",3.3
"741",8293283,"CSE148","202015","Y","A","A+",4
"742",8293283,"FIN301","202215","Y","C","C+",2.3
"743",8293283,"ISA125","202110","Y","B","B-",2.7
"744",8293283,"ISA225","202120","Y","A","A-",3.7
"745",8293283,"MGT291","202120","Y","B","B+",3.3
"746",8292442,"ACC221","202110","Y","A","A",4
"747",8292442,"BUS104","202020","Y","A","A-",3.7
"748",8292442,"CSE148","202010","Y","A","A",4
"749",8292442,"ECO201","202110","Y","A","A",4
"750",8292442,"FIN301","202220","Y","A","A",4
"751",8292442,"ISA125","202020","Y","B","B+",3.3
"752",8292442,"ISA225","202210","Y","A","A",4
"753",8292442,"ISA235","202120","Y","A","A+",4
"754",8292442,"MGT291","202315","Y","A","A-",3.7
"755",8292442,"MTH151","202010","Y","A","A",4
"756",8292025,"BUS104","202020","Y","B","B-",2.7
"757",8292025,"CSE148","202010","Y","B","B",3
"758",8292025,"FIN301","202210","Y","B","B-",2.7
"759",8292025,"ISA225","202210","Y","B","B",3
"760",8292025,"MGT291","202110","Y","B","B",3
"761",8292025,"MTH151","202010","Y","C","C",2
"762",8291791,"ACC221","202120","Y","C","C+",2.3
"763",8291791,"BUS104","202010","Y","B","B-",2.7
"764",8291791,"CSE148","202020","Y","B","B",3
"765",8291791,"ECO201","202020","Y","C","C+",2.3
"766",8291791,"FIN301","202220","Y","A","A-",3.7
"767",8291791,"ISA125","202110","Y","B","B",3
"768",8291791,"ISA225","202120","Y","C","C",2
"769",8291791,"ISA235","202130","Y","B","B+",3.3
"770",8291683,"ACC221","202020","Y","B","B-",2.7
"771",8291683,"BUS104","202020","Y","A","A-",3.7
"772",8291683,"CSE148","202010","Y","B","B+",3.3
"773",8291683,"ECO201","202110","Y","C","C",2
"774",8291683,"FIN301","202220","Y","D","D",1
"775",8291683,"ISA125","202110","Y","C","C",2
"776",8291683,"ISA225","202120","Y","B","B",3
"777",8291683,"ISA235","202120","Y","B","B-",2.7
"778",8291683,"MGT291","202215","Y","B","B-",2.7
"779",8291384,"ACC221","202010","Y","B","B+",3.3
"780",8291384,"BUS104","202010","Y","B","B+",3.3
"781",8291384,"CSE148","202020","Y","B","B-",2.7
"782",8291384,"FIN301","202220","Y","B","B+",3.3
"783",8291384,"ISA225","202020","Y","A","A",4
"784",8291384,"ISA235","202110","Y","B","B",3
"785",8291384,"MGT291","202220","Y","B","B",3
"786",8291186,"ACC221","202120","Y","B","B+",3.3
"787",8291186,"CSE148","202010","Y","C","C+",2.3
"788",8291186,"ECO201","202110","Y","A","A",4
"789",8291186,"ISA125","202120","Y","C","C",2
"790",8291186,"ISA225","202210","Y","C","C-",1.7
"791",8291186,"ISA235","202020","Y","B","B",3
"792",8290744,"BUS104","202110","Y","B","B+",3.3
"793",8290744,"CSE148","202120","Y","B","B-",2.7
"794",8290744,"ECO201","202010","Y","C","C",2
"795",8290744,"FIN301","202310","Y","B","B",3
"796",8290744,"ISA125","202120","Y","B","B",3
"797",8290744,"ISA225","202210","Y","A","A-",3.7
"798",8290744,"ISA235","202130","Y","A","A",4
"799",8290744,"MGT291","202220","Y","A","A",4
"800",8290581,"CSE148","202010","Y","C","C-",1.7
"801",8290581,"ECO201","202210","Y","B","B",3
"802",8290581,"FIN301","202220","Y","D","D",1
"803",8290581,"ISA125","202120","Y","C","C-",1.7
"804",8290581,"ISA225","202320","Y","C","C",2
"805",8290581,"ISA235","202210","Y","B","B",3
"806",8290581,"MGT291","202220","Y","B","B+",3.3
"807",8290581,"MGT295","202320","Y","B","B",3
"808",8290581,"MTH141","202310","Y","C","C",2
"809",8290344,"ACC221","202010","Y","B","B+",3.3
"810",8290344,"BUS104","202010","Y","A","A-",3.7
"811",8290344,"CSE148","202020","Y","A","A+",4
"812",8290344,"ECO201","202020","Y","B","B+",3.3
"813",8290344,"FIN301","202120","Y","C","C+",2.3
"814",8290344,"ISA235","202120","Y","B","B",3
"815",8290344,"MGT291","202210","Y","B","B",3
"816",8290156,"BUS104","202010","Y","C","C",2
"817",8290156,"FIN301","202210","Y","C","C+",2.3
"818",8290156,"ISA225","202110","Y","B","B",3
"819",8290156,"ISA235","202110","Y","B","B+",3.3
"820",8290156,"MGT291","202120","Y","B","B-",2.7
"821",8289912,"BUS104","202010","Y","A","A-",3.7
"822",8289912,"CSE148","202015","Y","A","A+",4
"823",8289912,"FIN301","202120","Y","A","A-",3.7
"824",8289912,"ISA235","202020","Y","B","B",3
"825",8289912,"MGT291","202110","Y","B","B",3
"826",8289912,"MTH151","202010","Y","C","C",2
"827",8289763,"ACC221","202010","Y","C","C",2
"828",8289763,"BUS104","202020","Y","A","A-",3.7
"829",8289763,"CSE148","202015","Y","B","B+",3.3
"830",8289763,"FIN301","202120","Y","B","B",3
"831",8289763,"ISA125","202020","Y","B","B",3
"832",8289763,"ISA235","202120","Y","B","B+",3.3
"833",8289763,"MGT291","202120","Y","B","B",3
"834",8289532,"ACC221","202010","Y","C","C",2
"835",8289532,"BUS104","202010","Y","A","A-",3.7
"836",8289532,"CSE148","202020","Y","A","A",4
"837",8289532,"ISA225","202120","Y","B","B-",2.7
"838",8289532,"ISA235","202120","Y","C","C+",2.3
"839",8289212,"BUS104","202010","Y","B","B-",2.7
"840",8289212,"CSE148","202015","Y","B","B",3
"841",8289212,"FIN301","202220","Y","C","C",2
"842",8289212,"ISA225","202120","Y","B","B-",2.7
"843",8289212,"MGT291","202220","Y","B","B",3
"844",8289212,"MGT295","202320","Y","C","C",2
"845",8288840,"BUS104","202020","Y","B","B-",2.7
"846",8288840,"CSE148","202010","Y","D","D-",0.7
"847",8288840,NA,"202110","Y","A","A",4
"848",8288840,"ECO201","202120","Y","C","C",2
"849",8288840,"FIN301","202220","Y","C","C",2
"850",8288840,"ISA225","202120","Y","D","D",1
"851",8288840,"ISA235","202210","Y","C","C+",2.3
"852",8288840,"MGT291","202210","Y","C","C",2
"853",8288840,"MGT295","202320","Y","C","C",2
"854",8288743,"ACC221","202120","Y","A","A-",3.7
"855",8288743,"BUS104","202010","Y","B","B",3
"856",8288743,"CSE148","202020","Y","B","B",3
"857",8288743,"FIN301","202215","Y","B","B+",3.3
"858",8288743,"MGT291","202120","Y","B","B+",3.3
"859",8288743,"MTH151","202010","Y","B","B-",2.7
"860",8288224,"ACC221","202110","Y","B","B-",2.7
"861",8288224,"BUS104","202020","Y","B","B+",3.3
"862",8288224,"CSE148","202010","Y","B","B-",2.7
"863",8288224,"ECO201","202110","Y","B","B-",2.7
"864",8288224,"FIN301","202220","Y","C","C+",2.3
"865",8288224,"ISA235","202120","Y","B","B",3
"866",8288224,"MGT291","202220","Y","B","B",3
"867",8288224,"MTH151","202010","Y","D","D",1
"868",8287451,"BUS104","202010","Y","A","A-",3.7
"869",8287451,"CSE148","202020","Y","A","A",4
"870",8287451,"ECO201","202110","Y","B","B+",3.3
"871",8287451,"FIN301","202220","Y","B","B+",3.3
"872",8287451,"ISA225","202110","Y","A","A-",3.7
"873",8287451,"ISA235","202120","Y","A","A-",3.7
"874",8287451,"MGT291","202210","Y","B","B-",2.7
"875",8287451,"MTH151","202010","Y","B","B",3
"876",8287228,"ACC221","202110","Y","B","B-",2.7
"877",8287228,"BUS104","202120","Y","A","A-",3.7
"878",8287228,"CSE148","202110","Y","A","A",4
"879",8287228,"ECO201","202020","Y","A","A",4
"880",8287228,"FIN301","202220","Y","C","C+",2.3
"881",8287228,"ISA125","202120","Y","C","C",2
"882",8287228,"ISA225","202210","Y","C","C",2
"883",8287228,"ISA235","202130","Y","A","A-",3.7
"884",8287228,"MGT291","202215","Y","A","A+",4
"885",8287228,"MGT295","202310","Y","B","B-",2.7
"886",8287228,"MTH151","202010","Y","B","B-",2.7
"887",8286870,"BUS104","202010","Y","B","B-",2.7
"888",8286870,"CSE148","202020","Y","A","A",4
"889",8286870,"FIN301","202120","Y","C","C+",2.3
"890",8286870,"ISA225","202020","Y","B","B+",3.3
"891",8286870,"MGT291","202120","Y","A","A",4
"892",8286870,"MTH151","202010","Y","B","B",3
"893",8285798,"CSE148","202010","Y","C","C+",2.3
"894",8285798,"FIN301","202220","Y","B","B+",3.3
"895",8285798,"ISA225","202120","Y","C","C+",2.3
"896",8285798,"ISA235","202120","Y","B","B",3
"897",8285798,"MGT291","202210","Y","B","B",3
"898",8285798,"MTH151","202010","Y","A","A",4
"899",8285702,"CSE148","202010","Y","C","C+",2.3
"900",8285702,"ECO201","202210","Y","B","B-",2.7
"901",8285702,"FIN301","202220","Y","B","B+",3.3
"902",8285702,"ISA125","202120","Y","B","B",3
"903",8285702,"ISA225","202210","Y","B","B",3
"904",8285702,"ISA235","202220","Y","D","D",1
"905",8285702,"MGT291","202210","Y","C","C-",1.7
"906",8284203,"BUS104","202010","Y","C","C+",2.3
"907",8284203,"FIN301","202220","Y","C","C+",2.3
"908",8284203,"ISA225","202210","Y","A","A-",3.7
"909",8284203,"ISA235","202110","Y","B","B",3
"910",8284203,"MGT291","202110","Y","B","B",3
"911",8284203,"MGT295","202310","Y","B","B",3
"912",8284203,"MTH151","202010","N","F","F",0
"913",8284203,NA,"202110","Y","C","C",2
"914",8283990,"BUS104","202010","Y","A","A-",3.7
"915",8283990,"CSE148","202020","Y","A","A+",4
"916",8283990,"FIN301","202215","Y","B","B+",3.3
"917",8283990,"ISA125","202110","Y","B","B+",3.3
"918",8283990,"ISA225","202120","Y","A","A-",3.7
"919",8283990,"ISA235","202110","Y","B","B+",3.3
"920",8283990,"MGT291","202210","Y","A","A-",3.7
"921",8283222,"ACC221","202020","Y","A","A-",3.7
"922",8283222,"BUS104","202010","Y","B","B",3
"923",8283222,"CSE148","202020","Y","A","A",4
"924",8283222,"ECO201","202020","Y","B","B",3
"925",8283222,"FIN301","202215","Y","B","B",3
"926",8283222,"ISA225","202120","Y","A","A-",3.7
"927",8283222,"ISA235","202120","Y","A","A-",3.7
"928",8283222,"MGT291","202110","Y","A","A",4
"929",8283222,"MGT295","202310","Y","A","A+",4
"930",8282692,"ACC221","202110","Y","C","C+",2.3
"931",8282692,"BUS104","202010","Y","B","B",3
"932",8282692,"ECO201","202120","Y","C","C",2
"933",8282692,"FIN301","202210","Y","C","C+",2.3
"934",8282692,"ISA235","202120","Y","B","B-",2.7
"935",8282692,"MGT291","202220","Y","B","B+",3.3
"936",8282692,"MGT295","202310","Y","B","B",3
"937",8282692,"MTH151","202010","Y","C","C",2
"938",8282676,"CSE148","202010","Y","B","B+",3.3
"939",8282676,"FIN301","202130","Y","D","D",1
"940",8282676,"ISA225","202120","Y","C","C+",2.3
"941",8282676,"MGT291","202020","Y","A","A",4
"942",8282676,"MTH151","202010","Y","C","C",2
"943",8281982,"BUS104","202010","Y","B","B",3
"944",8281982,"CSE148","202110","Y","A","A",4
"945",8281982,"ECO201","202020","Y","A","A",4
"946",8281982,"FIN301","202120","Y","A","A-",3.7
"947",8281982,"ISA235","202120","Y","A","A-",3.7
"948",8281982,"MGT291","202210","Y","A","A-",3.7
"949",8281982,"MTH151","202010","Y","B","B",3
"950",8281486,"ACC221","202020","Y","A","A",4
"951",8281486,"BUS104","202010","Y","A","A",4
"952",8281486,"CSE148","202020","Y","A","A",4
"953",8281486,"ECO201","202110","Y","A","A",4
"954",8281486,"FIN301","202210","Y","A","A",4
"955",8281486,"ISA225","202210","Y","A","A+",4
"956",8281486,"ISA235","202110","Y","A","A",4
"957",8281486,"MGT291","202120","Y","A","A-",3.7
"958",8280700,"ACC221","202110","Y","C","C+",2.3
"959",8280700,"CSE148","202010","Y","B","B",3
"960",8280700,"ECO201","202110","Y","B","B-",2.7
"961",8280700,"FIN301","202310","Y","A","A",4
"962",8280700,"ISA225","202120","Y","A","A",4
"963",8280700,"ISA235","202110","Y","B","B",3
"964",8280700,"MGT291","202115","Y","A","A",4
"965",8280700,"MTH151","202010","Y","B","B",3
"966",8280089,"BUS104","202010","Y","B","B+",3.3
"967",8280089,"FIN301","202220","Y","B","B",3
"968",8280089,"ISA225","202310","Y","B","B",3
"969",8280089,"ISA235","202210","Y","B","B",3
"970",8280089,"MGT291","202220","Y","B","B",3
"971",8280089,"MGT295","202310","Y","A","A",4
"972",8280089,"MTH151","202010","Y","C","C+",2.3
"973",8279722,"ACC221","202210","Y","C","C+",2.3
"974",8279722,"BUS104","202010","Y","A","A-",3.7
"975",8279722,"FIN301","202310","Y","C","C",2
"976",8279722,"ISA125","202120","Y","C","C",2
"977",8279722,"ISA225","202220","Y","A","A-",3.7
"978",8279722,"MGT295","202310","Y","C","C+",2.3
"979",8279077,"ACC221","202010","Y","C","C+",2.3
"980",8279077,"BUS104","202010","Y","B","B",3
"981",8279077,"FIN301","202120","Y","A","A-",3.7
"982",8279077,"ISA225","202110","Y","A","A",4
"983",8279077,"ISA235","202120","Y","A","A",4
"984",8279077,"MGT291","202220","Y","A","A-",3.7
"985",8279077,"MGT295","202310","Y","A","A-",3.7
"986",8279045,"ACC221","202010","Y","A","A",4
"987",8279045,"BUS104","202010","Y","A","A",4
"988",8279045,"ECO201","202020","Y","A","A",4
"989",8279045,"FIN301","202310","Y","A","A",4
"990",8279045,"ISA125","202020","Y","A","A",4
"991",8279045,"ISA225","202110","Y","A","A",4
"992",8279045,"ISA235","202110","Y","A","A",4
"993",8279045,"MGT291","202120","Y","A","A",4
"994",8279029,"CSE148","202010","Y","C","C+",2.3
"995",8279029,"ECO201","202120","Y","C","C",2
"996",8279029,"FIN301","202210","N","F","F",0
"997",8279029,NA,"202310","Y","C","C+",2.3
"998",8279029,"ISA125","202110","Y","D","D",1
"999",8279029,"ISA225","202220","Y","C","C+",2.3
"1000",8279029,"ISA235","202120","Y","B","B-",2.7
"1001",8279029,"MGT291","202110","Y","B","B+",3.3
"1002",8279029,"MTH151","202210","Y","C","C",2
"1003",8278735,"ACC221","202020","Y","A","A-",3.7
"1004",8278735,"BUS104","202020","Y","A","A-",3.7
"1005",8278735,"CSE148","202010","Y","A","A",4
"1006",8278735,"ECO201","202010","Y","B","B",3
"1007",8278735,"ISA235","202110","Y","B","B+",3.3
"1008",8278735,"MGT291","202120","Y","A","A",4
"1009",8278735,"MTH151","202010","Y","A","A",4
"1010",8278406,"ACC221","202110","Y","B","B-",2.7
"1011",8278406,"BUS104","202020","Y","A","A-",3.7
"1012",8278406,"CSE148","202010","Y","A","A-",3.7
"1013",8278406,"FIN301","202210","Y","B","B",3
"1014",8278406,"ISA225","202120","Y","B","B+",3.3
"1015",8278406,"ISA235","202210","Y","B","B+",3.3
"1016",8278406,"MGT291","202120","Y","A","A-",3.7
"1017",8278406,"MTH151","202010","Y","B","B",3
"1018",8275990,"ACC221","202110","Y","C","C+",2.3
"1019",8275990,"BUS104","202010","Y","B","B+",3.3
"1020",8275990,"CSE148","202020","Y","B","B",3
"1021",8275990,"FIN301","202310","Y","A","A",4
"1022",8275990,"ISA225","202110","Y","C","C+",2.3
"1023",8275990,"ISA235","202120","Y","B","B",3
"1024",8275990,"MGT291","202120","Y","B","B+",3.3
"1025",8275990,"MTH151","202010","Y","A","A",4
"1026",8275768,"ACC221","202210","Y","C","C",2
"1027",8275768,"BUS104","202020","Y","B","B",3
"1028",8275768,"CSE148","202010","Y","C","C",2
"1029",8275768,"FIN301","202220","Y","C","C+",2.3
"1030",8275768,"ISA235","202120","Y","A","A-",3.7
"1031",8275768,"MGT291","202210","Y","B","B+",3.3
"1032",8275281,"ACC221","202110","Y","B","B+",3.3
"1033",8275281,"BUS104","202110","Y","A","A",4
"1034",8275281,"CSE148","202120","Y","A","A+",4
"1035",8275281,"ECO201","202020","Y","A","A",4
"1036",8275281,"FIN301","202210","Y","A","A",4
"1037",8275281,"ISA225","202120","Y","A","A+",4
"1038",8275281,"ISA235","202210","Y","A","A",4
"1039",8275281,"MGT291","202220","Y","B","B",3
"1040",8275281,"MGT295","202310","Y","A","A-",3.7
"1041",8273135,"ACC221","202120","Y","B","B+",3.3
"1042",8273135,"BUS104","202020","Y","B","B",3
"1043",8273135,"CSE148","202110","Y","B","B+",3.3
"1044",8273135,"ECO201","202020","Y","C","C+",2.3
"1045",8273135,"FIN301","202210","Y","B","B-",2.7
"1046",8273135,"ISA125","202120","Y","A","A-",3.7
"1047",8273135,"ISA225","202310","Y","D","D-",0.7
"1048",8273135,"ISA235","202120","Y","B","B-",2.7
"1049",8273135,"MGT291","202120","Y","B","B+",3.3
"1050",8272715,"ACC221","202210","Y","B","B",3
"1051",8272715,"BUS104","202120","Y","B","B-",2.7
"1052",8272715,"CSE148","202010","Y","C","C+",2.3
"1053",8272715,"ECO201","202120","Y","B","B+",3.3
"1054",8272715,"FIN301","202220","Y","C","C+",2.3
"1055",8272715,"ISA125","202120","Y","B","B-",2.7
"1056",8272715,"ISA225","202330","Y","C","C",2
"1057",8272715,"ISA235","202210","Y","C","C",2
"1058",8272715,"MGT291","202310","Y","B","B-",2.7
"1059",8272715,"MGT295","202420","Y","B","B-",2.7
"1060",8272073,"ACC221","202110","Y","A","A",4
"1061",8272073,"BUS104","202120","Y","A","A+",4
"1062",8272073,"CSE148","202110","Y","A","A",4
"1063",8272073,"ECO201","202020","Y","A","A",4
"1064",8272073,"FIN301","202210","Y","A","A-",3.7
"1065",8272073,"ISA125","202110","Y","A","A+",4
"1066",8272073,"ISA225","202120","Y","A","A+",4
"1067",8272073,"ISA235","202120","Y","A","A",4
"1068",8272073,"MGT291","202220","Y","A","A",4
"1069",8272073,"MGT295","202320","Y","A","A-",3.7
"1070",8272073,"MTH151","202010","Y","A","A+",4
"1071",8271899,"ACC221","202110","Y","B","B-",2.7
"1072",8271899,"BUS104","202020","Y","B","B",3
"1073",8271899,"CSE148","202010","Y","C","C+",2.3
"1074",8271899,"ECO201","202110","Y","B","B-",2.7
"1075",8271899,"FIN301","202210","Y","C","C-",1.7
"1076",8271899,"ISA125","202110","Y","C","C",2
"1077",8271899,"ISA225","202120","Y","B","B",3
"1078",8271899,"ISA235","202120","Y","B","B",3
"1079",8271899,"MGT291","202110","Y","B","B+",3.3
"1080",8271899,"MTH151","202010","Y","C","C",2
"1081",8270285,"ACC221","202110","Y","C","C+",2.3
"1082",8270285,"BUS104","202010","Y","B","B",3
"1083",8270285,"CSE148","202020","Y","A","A",4
"1084",8270285,"ECO201","202110","Y","B","B",3
"1085",8270285,"FIN301","202310","Y","B","B+",3.3
"1086",8270285,"ISA225","202220","Y","B","B-",2.7
"1087",8270285,"ISA235","202210","Y","A","A",4
"1088",8270285,"MGT291","202220","Y","A","A",4
"1089",8270285,"MTH151","202020","Y","B","B",3
"1090",8270244,"BUS104","202010","Y","A","A-",3.7
"1091",8270244,"CSE148","202020","Y","A","A",4
"1092",8270244,"FIN301","202215","Y","B","B",3
"1093",8270244,"ISA225","202120","Y","B","B-",2.7
"1094",8270244,"ISA235","202120","Y","A","A-",3.7
"1095",8270244,"MGT291","202120","Y","B","B",3
"1096",8269664,"ACC221","202110","Y","A","A",4
"1097",8269664,"CSE148","202010","Y","C","C-",1.7
"1098",8269664,NA,"202120","Y","A","A",4
"1099",8269664,"FIN301","202120","Y","A","A",4
"1100",8269664,"ISA125","202110","Y","A","A",4
"1101",8269664,"ISA225","202120","Y","A","A-",3.7
"1102",8269664,"ISA235","202210","Y","B","B",3
"1103",8269664,"MGT291","202320","Y","C","C",2
"1104",8265341,"ACC221","202120","Y","B","B+",3.3
"1105",8265341,"BUS104","202020","Y","B","B-",2.7
"1106",8265341,"CSE148","202010","Y","C","C",2
"1107",8265341,"ECO201","202110","Y","B","B",3
"1108",8265341,"FIN301","202210","Y","B","B-",2.7
"1109",8265341,"ISA125","202210","Y","C","C",2
"1110",8265341,"ISA225","202220","N","F","F",0
"1111",8265341,NA,"202230","Y","C","C",2
"1112",8265341,"ISA235","202110","Y","B","B",3
"1113",8265341,"MGT291","202215","Y","C","C",2
"1114",8265341,"MGT295","202320","Y","B","B",3
"1115",8262583,"ACC221","202220","Y","A","A-",3.7
"1116",8262583,"BUS104","202210","Y","A","A+",4
"1117",8262583,"CSE148","202215","Y","A","A+",4
"1118",8262583,"ECO201","202210","Y","A","A",4
"1119",8262583,"FIN301","202320","Y","A","A",4
"1120",8262583,"ISA125","202220","Y","A","A-",3.7
"1121",8262583,"ISA225","202310","Y","A","A+",4
"1122",8262583,"ISA235","202310","Y","A","A",4
"1123",8262583,"MGT291","202315","Y","A","A",4
"1124",8262583,"MGT295","202410","Y","A","A",4
"1125",8260919,"ACC221","202130","Y","B","B-",2.7
"1126",8260919,"BUS104","202110","Y","A","A-",3.7
"1127",8260919,"CSE148","202120","Y","A","A+",4
"1128",8260919,"FIN301","202220","Y","C","C+",2.3
"1129",8260919,"ISA125","202120","Y","A","A-",3.7
"1130",8260919,"ISA225","202220","Y","A","A-",3.7
"1131",8260919,"ISA235","202210","Y","A","A-",3.7
"1132",8260919,"MGT291","202220","Y","A","A+",4
"1133",8260919,"MGT295","202310","Y","B","B",3
"1134",8251247,"ACC221","202110","Y","A","A-",3.7
"1135",8251247,"BUS104","202110","Y","A","A+",4
"1136",8251247,"CSE148","202120","Y","A","A+",4
"1137",8251247,"ECO201","202210","Y","A","A",4
"1138",8250961,"ACC221","202210","Y","A","A",4
"1139",8250961,"BUS104","202120","Y","A","A",4
"1140",8250961,"CSE148","202110","Y","A","A",4
"1141",8250961,"ECO201","202120","Y","A","A",4
"1142",8250961,"FIN301","202410","Y","B","B",3
"1143",8250961,"ISA125","202110","Y","B","B+",3.3
"1144",8250961,"ISA225","202310","Y","A","A-",3.7
"1145",8250961,"ISA235","202210","Y","A","A",4
"1146",8250961,"MGT291","202220","Y","B","B+",3.3
"1147",8250961,"MGT295","202410","Y","A","A-",3.7
"1148",8249408,"BUS104","202110","Y","A","A-",3.7
"1149",8249408,"CSE148","202120","Y","A","A+",4
"1150",8249408,"ECO201","202210","Y","B","B",3
"1151",8249408,"ISA225","202220","Y","B","B",3
"1152",8249408,"ISA235","202210","Y","A","A",4
"1153",8249408,"MGT291","202220","Y","A","A",4
"1154",8249408,"MGT295","202310","Y","A","A-",3.7
"1155",8246891,"ACC221","202120","Y","B","B-",2.7
"1156",8246891,"BUS104","202110","Y","B","B",3
"1157",8246891,"CSE148","202120","Y","B","B+",3.3
"1158",8246891,"ECO201","202120","Y","B","B",3
"1159",8246891,"FIN301","202310","Y","B","B+",3.3
"1160",8246891,"ISA125","202110","Y","B","B+",3.3
"1161",8246891,"ISA225","202210","Y","B","B",3
"1162",8246891,"ISA235","202210","Y","A","A-",3.7
"1163",8246891,"MGT291","202210","Y","B","B+",3.3
"1164",8246891,"MGT295","202420","Y","B","B",3
"1165",8246861,"ACC221","202120","Y","A","A",4
"1166",8246861,"BUS104","202110","Y","A","A-",3.7
"1167",8246861,"CSE148","202120","Y","A","A-",3.7
"1168",8246861,"ECO201","202210","Y","A","A",4
"1169",8246861,"FIN301","202220","Y","A","A-",3.7
"1170",8246861,"ISA225","202220","Y","A","A",4
"1171",8246861,"ISA235","202220","Y","A","A-",3.7
"1172",8246861,"MGT291","202210","Y","B","B+",3.3
"1173",8246861,"MGT295","202310","Y","B","B",3
"1174",8246688,"BUS104","202120","Y","A","A",4
"1175",8246688,"CSE148","202110","Y","A","A+",4
"1176",8246688,"ECO201","202210","Y","C","C+",2.3
"1177",8246688,"ISA125","202120","Y","A","A",4
"1178",8246688,"ISA225","202210","Y","A","A-",3.7
"1179",8246688,"MTH151","202110","Y","A","A-",3.7
"1180",8246329,"ACC221","202110","Y","A","A-",3.7
"1181",8246329,"BUS104","202110","Y","A","A+",4
"1182",8246329,"CSE148","202120","Y","A","A",4
"1183",8246329,"ECO201","202210","Y","A","A-",3.7
"1184",8246329,"FIN301","202310","Y","B","B",3
"1185",8246329,"ISA125","202210","Y","B","B+",3.3
"1186",8246329,"ISA225","202220","Y","A","A",4
"1187",8246329,"ISA235","202210","Y","A","A",4
"1188",8246329,"MGT291","202210","Y","A","A",4
"1189",8245801,"ACC221","202210","Y","A","A+",4
"1190",8245801,"BUS104","202110","Y","A","A-",3.7
"1191",8245801,"CSE148","202120","Y","A","A",4
"1192",8245801,"FIN301","202320","Y","B","B",3
"1193",8245801,"ISA125","202120","Y","A","A",4
"1194",8245801,"ISA225","202220","Y","A","A",4
"1195",8245801,"ISA235","202215","Y","A","A",4
"1196",8245801,"MGT291","202310","Y","A","A",4
"1197",8243906,"ACC221","202120","Y","A","A-",3.7
"1198",8243906,"BUS104","202120","Y","B","B",3
"1199",8243906,"CSE148","202110","Y","A","A-",3.7
"1200",8243906,"ECO201","202210","Y","B","B",3
"1201",8243906,"FIN301","202310","Y","A","A-",3.7
"1202",8243906,"ISA125","202220","Y","B","B+",3.3
"1203",8243906,"ISA225","202310","Y","C","C",2
"1204",8243906,"ISA235","202220","Y","B","B",3
"1205",8243906,"MGT291","202220","Y","B","B-",2.7
"1206",8243906,"MGT295","202315","Y","B","B+",3.3
"1207",8243906,"MTH151","202110","Y","A","A",4
"1208",8243519,"ACC221","202120","Y","A","A",4
"1209",8243519,"BUS104","202110","Y","A","A-",3.7
"1210",8243519,"CSE148","202210","Y","A","A",4
"1211",8243519,"FIN301","202320","Y","A","A-",3.7
"1212",8243519,"ISA125","202210","Y","A","A",4
"1213",8243519,"ISA225","202310","Y","A","A-",3.7
"1214",8243519,"ISA235","202310","Y","A","A-",3.7
"1215",8243519,"MGT291","202120","Y","A","A",4
"1216",8243519,"MGT295","202410","Y","A","A-",3.7
"1217",8242443,"ACC221","202120","Y","B","B-",2.7
"1218",8242443,"BUS104","202110","Y","A","A",4
"1219",8242443,"CSE148","202120","Y","C","C+",2.3
"1220",8242443,"FIN301","202220","Y","B","B",3
"1221",8242443,"ISA125","202120","Y","B","B-",2.7
"1222",8242443,"ISA225","202210","Y","C","C+",2.3
"1223",8242443,"ISA235","202220","Y","A","A",4
"1224",8242443,"MGT291","202210","Y","A","A",4
"1225",8242443,"MTH151","202110","Y","A","A+",4
"1226",8242006,"ACC221","202120","Y","B","B",3
"1227",8242006,"BUS104","202110","Y","B","B",3
"1228",8242006,"CSE148","202120","Y","C","C+",2.3
"1229",8242006,"ECO201","202130","Y","B","B-",2.7
"1230",8242006,"FIN301","202310","Y","C","C",2
"1231",8242006,"ISA225","202210","Y","C","C+",2.3
"1232",8242006,"ISA235","202210","Y","B","B",3
"1233",8242006,"MGT291","202210","Y","B","B+",3.3
"1234",8242006,"MGT295","202410","Y","B","B",3
"1235",8242006,"MTH151","202110","Y","C","C-",1.7
"1236",8240157,"ACC221","202110","Y","A","A",4
"1237",8240157,"BUS104","202110","Y","A","A+",4
"1238",8240157,"CSE148","202120","Y","A","A",4
"1239",8240157,"ECO201","202210","Y","A","A",4
"1240",8240157,"FIN301","202220","Y","A","A",4
"1241",8240157,"ISA125","202120","Y","A","A",4
"1242",8240157,"ISA225","202220","Y","A","A+",4
"1243",8240157,"ISA235","202210","Y","A","A+",4
"1244",8240157,"MGT291","202220","Y","A","A+",4
"1245",8240157,"MGT295","202315","Y","A","A",4
"1246",8240060,"ACC221","202120","Y","A","A+",4
"1247",8240060,"BUS104","202110","Y","A","A+",4
"1248",8240060,"CSE148","202120","Y","A","A",4
"1249",8240060,"ISA125","202110","Y","A","A+",4
"1250",8240060,"ISA225","202220","Y","A","A+",4
"1251",8240060,"ISA235","202210","Y","A","A-",3.7
"1252",8240060,"MGT291","202410","Y","A","A",4
"1253",8239643,"ACC221","202110","Y","B","B-",2.7
"1254",8239643,"BUS104","202110","Y","C","C+",2.3
"1255",8239643,"CSE148","202120","Y","A","A",4
"1256",8239643,"FIN301","202220","Y","B","B+",3.3
"1257",8239643,"ISA125","202120","Y","B","B+",3.3
"1258",8239643,"ISA225","202220","Y","A","A-",3.7
"1259",8239643,"ISA235","202210","Y","A","A",4
"1260",8239643,"MGT291","202210","Y","B","B+",3.3
"1261",8239643,"MGT295","202320","Y","B","B+",3.3
"1262",8239231,"ACC221","202120","Y","B","B+",3.3
"1263",8239231,"BUS104","202110","Y","B","B-",2.7
"1264",8239231,"CSE148","202120","Y","A","A",4
"1265",8239231,"ECO201","202110","Y","B","B+",3.3
"1266",8239231,"FIN301","202210","Y","B","B+",3.3
"1267",8239231,"ISA225","202210","Y","A","A-",3.7
"1268",8239231,"ISA235","202310","Y","B","B+",3.3
"1269",8239231,"MGT291","202120","Y","B","B",3
"1270",8239231,"MGT295","202320","Y","B","B",3
"1271",8238330,"ACC221","202120","Y","A","A",4
"1272",8238330,"BUS104","202110","Y","B","B-",2.7
"1273",8238330,"CSE148","202120","Y","B","B-",2.7
"1274",8238330,"FIN301","202230","Y","A","A",4
"1275",8238330,"ISA225","202220","Y","A","A-",3.7
"1276",8238330,"ISA235","202210","Y","A","A",4
"1277",8238330,"MGT291","202120","Y","B","B",3
"1278",8237411,"ACC221","202210","Y","B","B+",3.3
"1279",8237411,"BUS104","202120","Y","B","B+",3.3
"1280",8237411,"CSE148","202110","Y","B","B",3
"1281",8237411,"ECO201","202120","Y","C","C",2
"1282",8237411,"FIN301","202315","Y","B","B",3
"1283",8237411,"ISA125","202210","Y","B","B-",2.7
"1284",8237411,"ISA225","202320","Y","B","B",3
"1285",8237411,"ISA235","202220","Y","B","B",3
"1286",8237411,"MGT291","202310","Y","A","A-",3.7
"1287",8237411,"MGT295","202320","Y","B","B",3
"1288",8236079,"ACC221","202210","Y","B","B",3
"1289",8236079,"BUS104","202110","Y","A","A",4
"1290",8236079,"CSE148","202120","Y","A","A",4
"1291",8236079,"ECO201","202120","Y","A","A+",4
"1292",8236079,"FIN301","202310","Y","C","C",2
"1293",8236079,"ISA125","202110","Y","A","A",4
"1294",8236079,"ISA225","202220","Y","A","A+",4
"1295",8236079,"ISA235","202210","Y","A","A-",3.7
"1296",8236079,"MGT291","202310","Y","A","A-",3.7
"1297",8236079,"MGT295","202320","Y","A","A-",3.7
"1298",8235926,"ACC221","202210","Y","A","A-",3.7
"1299",8235926,"BUS104","202120","Y","A","A",4
"1300",8235926,"CSE148","202110","Y","A","A",4
"1301",8235926,"FIN301","202415","Y","B","B",3
"1302",8235926,"ISA125","202210","Y","B","B+",3.3
"1303",8235926,"ISA225","202220","Y","B","B",3
"1304",8235926,"ISA235","202210","Y","A","A-",3.7
"1305",8235926,"MGT291","202220","Y","B","B+",3.3
"1306",8235926,"MGT295","202310","Y","B","B",3
"1307",8235697,"ACC221","202210","Y","C","C+",2.3
"1308",8235697,"BUS104","202120","Y","C","C+",2.3
"1309",8235697,"ECO201","202210","Y","C","C",2
"1310",8235697,"FIN301","202315","Y","C","C",2
"1311",8235697,"ISA125","202210","Y","B","B-",2.7
"1312",8235697,"ISA225","202420","Y","C","C",2
"1313",8235697,"ISA235","202210","Y","B","B",3
"1314",8235697,"MGT291","202310","Y","A","A-",3.7
"1315",8235697,"MGT295","202320","Y","B","B",3
"1316",8235697,"MTH151","202120","Y","C","C-",1.7
"1317",8235554,"ACC221","202210","Y","D","D+",1.3
"1318",8235554,"BUS104","202120","Y","B","B+",3.3
"1319",8235554,"CSE148","202110","Y","A","A-",3.7
"1320",8235554,"ECO201","202210","Y","B","B-",2.7
"1321",8235554,"FIN301","202220","Y","B","B-",2.7
"1322",8235554,"ISA125","202120","Y","B","B-",2.7
"1323",8235554,"ISA225","202410","Y","C","C+",2.3
"1324",8235554,"ISA235","202310","Y","A","A-",3.7
"1325",8235554,"MGT295","202410","Y","B","B",3
"1326",8235359,"BUS104","202220","Y","A","A",4
"1327",8235359,"CSE148","202210","Y","A","A",4
"1328",8235359,"ECO201","202120","Y","B","B+",3.3
"1329",8235359,"FIN301","202410","Y","B","B",3
"1330",8235359,"ISA125","202210","Y","B","B",3
"1331",8235359,"ISA225","202310","Y","A","A",4
"1332",8235359,"ISA235","202220","Y","A","A-",3.7
"1333",8235359,"MGT291","202220","Y","A","A-",3.7
"1334",8235359,"MGT295","202320","Y","B","B",3
"1335",8234195,"ACC221","202210","Y","C","C",2
"1336",8234195,"BUS104","202110","Y","B","B",3
"1337",8234195,"CSE148","202120","Y","C","C+",2.3
"1338",8234195,"ECO201","202220","Y","C","C",2
"1339",8234195,"FIN301","202320","Y","B","B-",2.7
"1340",8234195,"ISA125","202210","Y","C","C-",1.7
"1341",8234195,"ISA225","202310","Y","C","C+",2.3
"1342",8234195,"ISA235","202220","Y","B","B+",3.3
"1343",8234195,"MGT291","202310","Y","B","B",3
"1344",8234195,"MGT295","202410","Y","B","B-",2.7
"1345",8233844,"ACC221","202120","Y","A","A-",3.7
"1346",8233844,"BUS104","202110","Y","B","B+",3.3
"1347",8233844,"CSE148","202120","Y","A","A",4
"1348",8233844,"ECO201","202110","Y","B","B",3
"1349",8233844,"FIN301","202310","Y","B","B+",3.3
"1350",8233844,"ISA125","202210","Y","A","A-",3.7
"1351",8233844,"ISA225","202220","Y","A","A-",3.7
"1352",8233844,"ISA235","202220","Y","B","B",3
"1353",8233844,"MGT291","202210","Y","B","B",3
"1354",8233844,"MGT295","202320","Y","B","B-",2.7
"1355",8233515,"ACC221","202120","Y","C","C+",2.3
"1356",8233515,"BUS104","202120","Y","C","C+",2.3
"1357",8233515,"CSE148","202110","Y","A","A",4
"1358",8233515,"ECO201","202120","Y","C","C+",2.3
"1359",8233515,"FIN301","202310","Y","B","B-",2.7
"1360",8233515,"ISA125","202210","Y","A","A-",3.7
"1361",8233515,"ISA225","202220","Y","C","C+",2.3
"1362",8233515,"ISA235","202220","Y","B","B+",3.3
"1363",8233515,"MGT291","202320","Y","B","B",3
"1364",8233515,"MGT295","202420","Y","B","B",3
"1365",8233515,"MTH151","202110","Y","B","B-",2.7
"1366",8232786,"ACC221","202210","Y","B","B+",3.3
"1367",8232786,"BUS104","202110","Y","B","B",3
"1368",8232786,"CSE148","202120","Y","D","D+",1.3
"1369",8232786,"ECO201","202210","Y","A","A-",3.7
"1370",8232786,"FIN301","202310","Y","D","D",1
"1371",8232786,"ISA125","202120","Y","C","C+",2.3
"1372",8232786,"ISA225","202220","Y","B","B",3
"1373",8232786,"ISA235","202310","Y","A","A-",3.7
"1374",8232786,"MGT291","202220","Y","B","B+",3.3
"1375",8231842,"ACC221","202210","Y","B","B",3
"1376",8231842,"BUS104","202120","Y","B","B+",3.3
"1377",8231842,"CSE148","202110","Y","A","A",4
"1378",8231842,"ECO201","202120","Y","D","D+",1.3
"1379",8231842,"FIN301","202220","N","F","F",0
"1380",8231842,NA,"202230","Y","C","C",2
"1381",8231842,"ISA125","202210","Y","C","C",2
"1382",8231842,"ISA225","202310","Y","C","C",2
"1383",8231842,"ISA235","202220","Y","C","C",2
"1384",8231842,"MGT291","202310","Y","C","C+",2.3
"1385",8231842,"MGT295","202410","Y","B","B",3
"1386",8231842,"MTH151","202110","Y","A","A",4
"1387",8231569,"BUS104","202210","Y","C","C+",2.3
"1388",8231569,"FIN301","202410","Y","B","B",3
"1389",8231569,"ISA225","202320","Y","B","B+",3.3
"1390",8231569,"ISA235","202220","Y","A","A-",3.7
"1391",8231569,"MGT291","202220","Y","B","B+",3.3
"1392",8231569,"MGT295","202415","Y","A","A",4
"1393",8231350,"ACC221","202210","Y","A","A",4
"1394",8231350,"CSE148","202120","Y","A","A-",3.7
"1395",8231350,"ECO201","202120","Y","A","A",4
"1396",8231350,"FIN301","202310","Y","B","B+",3.3
"1397",8231350,"ISA225","202230","Y","B","B",3
"1398",8231350,"ISA235","202210","Y","A","A",4
"1399",8231350,"MGT291","202220","Y","A","A-",3.7
"1400",8231350,"MGT295","202315","Y","A","A",4
"1401",8230735,"ACC221","202210","Y","B","B",3
"1402",8230735,"BUS104","202120","Y","A","A-",3.7
"1403",8230735,"CSE148","202110","Y","A","A",4
"1404",8230735,"FIN301","202310","Y","B","B",3
"1405",8230735,"ISA125","202210","Y","B","B+",3.3
"1406",8230735,"ISA225","202220","Y","B","B+",3.3
"1407",8230735,"ISA235","202120","Y","B","B-",2.7
"1408",8230735,"MGT291","202310","Y","A","A",4
"1409",8230735,"MGT295","202410","Y","B","B+",3.3
"1410",8230735,"MTH151","202120","Y","A","A",4
"1411",8230669,"ACC221","202110","Y","A","A",4
"1412",8230669,"BUS104","202120","Y","A","A",4
"1413",8230669,"CSE148","202110","Y","A","A+",4
"1414",8230669,"ECO201","202210","Y","A","A",4
"1415",8230669,"FIN301","202220","Y","A","A",4
"1416",8230669,"ISA125","202210","Y","A","A",4
"1417",8230669,"ISA225","202330","Y","A","A",4
"1418",8230669,"ISA235","202220","Y","A","A",4
"1419",8230669,"MGT291","202310","Y","A","A-",3.7
"1420",8230669,"MGT295","202330","Y","A","A",4
"1421",8230669,"MTH141","202230","Y","A","A+",4
"1422",8226542,"ACC221","202210","Y","A","A-",3.7
"1423",8226542,"BUS104","202110","Y","A","A",4
"1424",8226542,"CSE148","202120","Y","A","A-",3.7
"1425",8226542,"ECO201","202120","Y","B","B",3
"1426",8226542,"FIN301","202320","Y","A","A",4
"1427",8226542,"ISA125","202210","Y","B","B",3
"1428",8226542,"ISA225","202220","Y","A","A-",3.7
"1429",8226542,"ISA235","202220","Y","B","B+",3.3
"1430",8226542,"MGT291","202310","Y","A","A",4
"1431",8226542,"MGT295","202320","Y","A","A",4
"1432",8226542,"MTH151","202110","Y","B","B",3
"1433",8226515,"ACC221","202310","Y","B","B",3
"1434",8226515,"BUS104","202110","Y","A","A-",3.7
"1435",8226515,"CSE148","202120","Y","B","B",3
"1436",8226515,"ECO201","202120","Y","B","B",3
"1437",8226515,"ISA125","202120","Y","A","A-",3.7
"1438",8226515,"ISA235","202220","Y","A","A",4
"1439",8226515,"MTH151","202420","Y","C","C",2
"1440",8226272,"ACC221","202120","Y","B","B+",3.3
"1441",8226272,"BUS104","202120","Y","A","A",4
"1442",8226272,"CSE148","202110","Y","A","A",4
"1443",8226272,"FIN301","202220","Y","B","B",3
"1444",8226272,"ISA225","202210","Y","B","B",3
"1445",8226272,"ISA235","202210","Y","A","A",4
"1446",8226272,"MGT291","202220","Y","A","A+",4
"1447",8226272,"MGT295","202320","Y","A","A",4
"1448",8226272,"MTH151","202110","Y","B","B",3
"1449",8225982,"BUS104","202210","Y","A","A-",3.7
"1450",8225982,"CSE148","202220","Y","A","A-",3.7
"1451",8225982,"ECO201","202220","Y","A","A-",3.7
"1452",8225982,"ISA125","202210","Y","B","B",3
"1453",8223835,"ACC221","202210","Y","B","B+",3.3
"1454",8223835,"BUS104","202220","Y","A","A",4
"1455",8223835,"CSE148","202210","Y","A","A",4
"1456",8223835,"ECO201","202120","Y","A","A",4
"1457",8223835,"FIN301","202220","Y","B","B",3
"1458",8223835,"ISA225","202310","Y","B","B+",3.3
"1459",8223835,"ISA235","202310","Y","B","B",3
"1460",8223835,"MGT291","202320","Y","A","A-",3.7
"1461",8223835,"MGT295","202420","Y","A","A",4
"1462",8218558,"BUS104","202210","Y","A","A-",3.7
"1463",8218558,"CSE148","202220","Y","A","A",4
"1464",8218558,"FIN301","202230","Y","A","A-",3.7
"1465",8218558,"ISA225","202220","Y","A","A",4
"1466",8218558,"ISA235","202310","Y","A","A-",3.7
"1467",8218558,"MGT291","202315","Y","A","A",4
"1468",8218558,"MGT295","202310","Y","B","B",3
"1469",8208211,"ACC221","202220","Y","A","A+",4
"1470",8208211,"BUS104","202210","Y","A","A-",3.7
"1471",8208211,"CSE148","202220","Y","A","A-",3.7
"1472",8208211,"ECO201","202310","Y","A","A+",4
"1473",8208211,"FIN301","202320","Y","A","A",4
"1474",8208211,"ISA125","202210","Y","C","C+",2.3
"1475",8208211,"ISA225","202310","Y","A","A",4
"1476",8208211,"ISA235","202310","Y","B","B-",2.7
"1477",8208211,"MGT291","202320","Y","A","A-",3.7
"1478",8208211,"MGT295","202410","Y","A","A",4
"1479",8207043,"ACC221","202310","Y","B","B",3
"1480",8207043,"BUS104","202220","Y","B","B+",3.3
"1481",8207043,"CSE148","202210","Y","A","A-",3.7
"1482",8207043,"ECO201","202410","Y","B","B",3
"1483",8207043,"FIN301","202410","Y","C","C-",1.7
"1484",8207043,"ISA125","202320","Y","D","D+",1.3
"1485",8207043,"ISA225","202410","Y","C","C-",1.7
"1486",8207043,"ISA235","202310","Y","B","B+",3.3
"1487",8207043,"MTH141","202210","Y","C","C+",2.3
"1488",8206175,"BUS104","202220","Y","C","C+",2.3
"1489",8206175,"CSE148","202210","Y","C","C",2
"1490",8206175,"ECO201","202310","Y","C","C+",2.3
"1491",8206175,"ISA125","202220","Y","C","C",2
"1492",8206175,"ISA225","202310","Y","C","C",2
"1493",8206175,"ISA235","202310","Y","B","B+",3.3
"1494",8206175,"MGT291","202410","Y","B","B",3
"1495",8206175,"MGT295","202420","Y","C","C",2
"1496",8205774,"ACC221","202210","Y","A","A",4
"1497",8205774,"BUS104","202210","Y","A","A",4
"1498",8205774,"CSE148","202220","Y","A","A",4
"1499",8205774,"ECO201","202320","Y","A","A",4
"1500",8205774,"FIN301","202310","Y","A","A",4
"1501",8205774,"ISA125","202220","Y","A","A-",3.7
"1502",8205774,"ISA225","202310","Y","A","A",4
"1503",8205774,"ISA235","202320","Y","A","A-",3.7
"1504",8205774,"MGT291","202310","Y","B","B+",3.3
"1505",8205774,"MGT295","202415","Y","B","B+",3.3
"1506",8205621,"ACC221","202310","Y","A","A",4
"1507",8205621,"BUS104","202210","Y","A","A",4
"1508",8205621,"CSE148","202220","Y","A","A+",4
"1509",8205621,"ECO201","202220","Y","A","A",4
"1510",8205621,"FIN301","202420","Y","A","A+",4
"1511",8205621,"ISA225","202310","Y","A","A",4
"1512",8205621,"ISA235","202320","Y","A","A",4
"1513",8205621,"MGT291","202310","Y","B","B+",3.3
"1514",8205621,"MTH141","202210","Y","A","A",4
"1515",8204796,"ACC221","202320","Y","C","C-",1.7
"1516",8204796,"BUS104","202210","Y","A","A-",3.7
"1517",8204796,"CSE148","202310","Y","C","C-",1.7
"1518",8204796,"ECO201","202310","Y","B","B",3
"1519",8204796,"FIN301","202415","Y","B","B-",2.7
"1520",8204796,"ISA125","202220","Y","D","D+",1.3
"1521",8204796,NA,"202410","Y","B","B",3
"1522",8204796,"ISA235","202320","Y","B","B+",3.3
"1523",8204796,"MGT291","202230","Y","C","C+",2.3
"1524",8204796,"MGT295","202410","Y","B","B",3
"1525",8204796,"MTH141","202430","Y","B","B",3
"1526",8204070,"ACC221","202210","Y","B","B+",3.3
"1527",8204070,"BUS104","202210","Y","A","A-",3.7
"1528",8204070,"CSE148","202220","Y","A","A-",3.7
"1529",8204070,"ECO201","202220","Y","A","A",4
"1530",8204070,"ISA125","202310","Y","A","A-",3.7
"1531",8204070,"ISA225","202410","Y","A","A-",3.7
"1532",8204070,"ISA235","202310","Y","A","A",4
"1533",8204070,"MTH141","202220","Y","A","A",4
"1534",8203997,"ACC221","202320","Y","C","C+",2.3
"1535",8203997,"BUS104","202210","Y","A","A-",3.7
"1536",8203997,"CSE148","202220","Y","B","B",3
"1537",8203997,"ECO201","202310","Y","B","B",3
"1538",8203997,"FIN301","202410","Y","C","C-",1.7
"1539",8203997,"ISA125","202210","Y","B","B",3
"1540",8203997,"ISA225","202310","Y","C","C",2
"1541",8203997,"ISA235","202320","Y","C","C+",2.3
"1542",8203997,"MGT291","202420","Y","B","B",3
"1543",8203997,"MGT295","202410","Y","B","B",3
"1544",8203997,"MTH141","202220","Y","A","A",4
"1545",8203154,"ACC221","202220","Y","A","A",4
"1546",8203154,"BUS104","202220","Y","A","A",4
"1547",8203154,"CSE148","202210","Y","A","A",4
"1548",8203154,"FIN301","202320","Y","A","A",4
"1549",8203154,"ISA125","202210","Y","A","A",4
"1550",8203154,"ISA225","202330","Y","A","A-",3.7
"1551",8203154,"ISA235","202310","Y","A","A",4
"1552",8203154,"MGT291","202320","Y","A","A",4
"1553",8203154,"MGT295","202415","Y","B","B",3
"1554",8201904,"ACC221","202320","Y","D","D-",0.7
"1555",8201904,"BUS104","202210","Y","C","C-",1.7
"1556",8201904,"CSE148","202220","N","F","F",0
"1557",8201904,NA,"202310","N","F","F",0
"1558",8201904,NA,"202330","Y","B","B",3
"1559",8201904,"ECO201","202320","Y","D","D-",0.7
"1560",8201904,"ISA125","202410","Y","C","C",2
"1561",8201904,"ISA225","202420","Y","C","C",2
"1562",8201904,"ISA235","202410","Y","B","B-",2.7
"1563",8201904,"MGT291","202320","Y","B","B",3
"1564",8201904,"MGT295","202420","Y","D","D+",1.3
"1565",8201904,"MTH141","202410","Y","D","D+",1.3
"1566",8201508,"ACC221","202220","Y","A","A",4
"1567",8201508,"BUS104","202210","Y","A","A-",3.7
"1568",8201508,"CSE148","202220","Y","A","A",4
"1569",8201508,"ECO201","202220","Y","A","A",4
"1570",8201508,"FIN301","202320","Y","A","A",4
"1571",8201508,"ISA225","202310","Y","A","A",4
"1572",8201508,"ISA235","202310","Y","A","A-",3.7
"1573",8201508,"MGT291","202320","Y","A","A",4
"1574",8201508,"MGT295","202420","Y","A","A-",3.7
"1575",8201508,"MTH141","202210","Y","A","A",4
"1576",8201100,"ACC221","202220","Y","A","A",4
"1577",8201100,"BUS104","202210","Y","A","A",4
"1578",8201100,"CSE148","202220","Y","A","A+",4
"1579",8201100,"ECO201","202320","Y","A","A",4
"1580",8201100,"FIN301","202410","Y","A","A",4
"1581",8201100,"ISA125","202220","Y","A","A-",3.7
"1582",8201100,"ISA225","202310","Y","A","A-",3.7
"1583",8201100,"ISA235","202310","Y","A","A-",3.7
"1584",8201100,"MGT291","202410","Y","A","A-",3.7
"1585",8201100,"MTH141","202210","Y","A","A-",3.7
"1586",8200937,"ACC221","202320","Y","B","B+",3.3
"1587",8200937,"BUS104","202220","Y","B","B-",2.7
"1588",8200937,"CSE148","202310","Y","B","B+",3.3
"1589",8200937,"ECO201","202220","Y","B","B+",3.3
"1590",8200937,"FIN301","202420","Y","C","C",2
"1591",8200937,"ISA125","202310","Y","B","B-",2.7
"1592",8200937,"ISA225","202320","Y","C","C+",2.3
"1593",8200937,"ISA235","202410","Y","C","C+",2.3
"1594",8200937,"MGT291","202320","Y","B","B",3
"1595",8200937,"MGT295","202420","Y","B","B",3
"1596",8200937,"MTH141","202210","Y","B","B-",2.7
"1597",8198622,"ACC221","202220","Y","B","B",3
"1598",8198622,"BUS104","202210","Y","B","B+",3.3
"1599",8198622,"CSE148","202220","Y","A","A-",3.7
"1600",8198622,"ECO201","202210","Y","A","A-",3.7
"1601",8198622,"FIN301","202410","Y","A","A-",3.7
"1602",8198622,"ISA225","202320","Y","A","A",4
"1603",8198622,"ISA235","202320","Y","A","A-",3.7
"1604",8198622,"MGT291","202310","Y","B","B",3
"1605",8198622,"MGT295","202310","Y","B","B",3
"1606",8197334,"ACC221","202220","Y","A","A",4
"1607",8197334,"BUS104","202210","Y","A","A",4
"1608",8197334,"CSE148","202220","Y","A","A",4
"1609",8197334,"ECO201","202210","Y","B","B+",3.3
"1610",8197334,"FIN301","202310","Y","A","A",4
"1611",8197334,"ISA125","202220","Y","A","A",4
"1612",8197334,"ISA225","202420","Y","A","A",4
"1613",8197334,"ISA235","202310","Y","A","A-",3.7
"1614",8197334,"MGT291","202320","Y","A","A-",3.7
"1615",8197334,"MGT295","202420","Y","A","A-",3.7
"1616",8197248,"ACC221","202220","Y","B","B",3
"1617",8197248,"BUS104","202210","Y","A","A-",3.7
"1618",8197248,"CSE148","202220","Y","C","C+",2.3
"1619",8197248,"ECO201","202320","Y","B","B",3
"1620",8197248,"ISA125","202210","Y","B","B",3
"1621",8197248,"ISA235","202310","Y","B","B+",3.3
"1622",8196411,"ACC221","202220","Y","C","C+",2.3
"1623",8196411,"BUS104","202210","Y","B","B",3
"1624",8196411,"CSE148","202215","Y","B","B",3
"1625",8196411,"ECO201","202220","Y","C","C",2
"1626",8196411,"FIN301","202420","Y","B","B-",2.7
"1627",8196411,"ISA125","202210","Y","B","B-",2.7
"1628",8196411,"ISA225","202320","Y","B","B",3
"1629",8196411,"ISA235","202310","Y","A","A-",3.7
"1630",8196411,"MGT295","202320","Y","A","A-",3.7
"1631",8194429,"ACC221","202310","Y","A","A",4
"1632",8194429,"BUS104","202220","Y","A","A-",3.7
"1633",8194429,"CSE148","202210","Y","A","A-",3.7
"1634",8194429,"ECO201","202320","Y","B","B+",3.3
"1635",8194429,"ISA125","202220","Y","B","B",3
"1636",8194429,"ISA225","202310","Y","B","B+",3.3
"1637",8194429,"ISA235","202310","Y","A","A",4
"1638",8194429,"MGT291","202420","Y","A","A",4
"1639",8194429,"MTH141","202210","Y","C","C+",2.3
"1640",8194253,"ACC221","202220","Y","A","A-",3.7
"1641",8194253,"BUS104","202210","Y","A","A",4
"1642",8194253,"CSE148","202220","Y","A","A",4
"1643",8194253,"ECO201","202220","Y","A","A-",3.7
"1644",8194253,"FIN301","202420","Y","A","A",4
"1645",8194253,"ISA225","202220","Y","A","A-",3.7
"1646",8194253,"ISA235","202310","Y","A","A",4
"1647",8194253,"MGT291","202410","Y","A","A",4
"1648",8194253,"MGT295","202420","Y","A","A",4
"1649",8194253,"MTH141","202210","Y","A","A",4
"1650",8194067,"ACC221","202220","Y","A","A",4
"1651",8194067,"BUS104","202220","Y","A","A",4
"1652",8194067,"CSE148","202210","Y","A","A-",3.7
"1653",8194067,"ECO201","202310","Y","A","A+",4
"1654",8194067,"FIN301","202310","Y","A","A",4
"1655",8194067,"ISA125","202310","Y","A","A-",3.7
"1656",8194067,"ISA225","202320","Y","A","A",4
"1657",8194067,"ISA235","202320","Y","A","A",4
"1658",8194067,"MTH141","202210","Y","B","B",3
"1659",8193517,"ACC221","202310","Y","A","A",4
"1660",8193517,"BUS104","202210","Y","A","A",4
"1661",8193517,"CSE148","202220","Y","A","A+",4
"1662",8193517,"ECO201","202210","Y","A","A",4
"1663",8193517,"FIN301","202320","Y","A","A",4
"1664",8193517,"ISA125","202220","Y","A","A",4
"1665",8193517,"ISA225","202310","Y","A","A",4
"1666",8193517,"ISA235","202310","Y","A","A",4
"1667",8193517,"MGT291","202310","Y","A","A",4
"1668",8193517,"MGT295","202320","Y","A","A",4
"1669",8190732,"ACC221","202220","Y","A","A-",3.7
"1670",8190732,"BUS104","202210","Y","A","A",4
"1671",8190732,"CSE148","202220","Y","B","B+",3.3
"1672",8190732,"FIN301","202320","Y","A","A",4
"1673",8190732,"ISA225","202220","Y","A","A",4
"1674",8190732,"ISA235","202310","Y","A","A-",3.7
"1675",8190732,"MGT291","202320","Y","A","A",4
"1676",8190732,"MGT295","202420","Y","A","A",4
"1677",8190732,"MTH151","202210","Y","B","B",3
"1678",8190645,"ACC221","202310","Y","A","A-",3.7
"1679",8190645,"BUS104","202220","Y","A","A",4
"1680",8190645,"CSE148","202210","Y","A","A-",3.7
"1681",8190645,"ECO201","202220","Y","B","B",3
"1682",8190645,"ISA225","202310","Y","B","B",3
"1683",8190645,"ISA235","202220","Y","A","A-",3.7
"1684",8190645,"MGT291","202410","Y","B","B",3
"1685",8190645,"MTH141","202210","Y","A","A",4
"1686",8190053,"BUS104","202310","Y","B","B",3
"1687",8190053,"CSE148","202320","Y","B","B+",3.3
"1688",8190053,"FIN301","202430","Y","B","B-",2.7
"1689",8190053,"ISA125","202320","Y","C","C",2
"1690",8190053,"ISA225","202410","Y","B","B",3
"1691",8190053,"ISA235","202410","Y","B","B-",2.7
"1692",8190053,"MGT291","202420","Y","B","B-",2.7
"1693",8190053,"MGT295","202410","Y","C","C",2
"1694",8190053,"MTH141","202310","Y","C","C",2
"1695",8189765,"ACC221","202320","Y","C","C",2
"1696",8189765,"BUS104","202210","Y","B","B-",2.7
"1697",8189765,"CSE148","202220","Y","C","C-",1.7
"1698",8189765,"ECO201","202220","Y","B","B+",3.3
"1699",8189765,"FIN301","202410","Y","C","C-",1.7
"1700",8189765,"ISA125","202310","Y","B","B-",2.7
"1701",8189765,"ISA225","202420","Y","C","C+",2.3
"1702",8189765,"ISA235","202310","Y","C","C",2
"1703",8189765,"MGT295","202410","Y","B","B-",2.7
"1704",8188789,"ACC221","202315","Y","C","C",2
"1705",8188789,"BUS104","202210","Y","C","C+",2.3
"1706",8188789,"CSE148","202220","Y","C","C-",1.7
"1707",8188789,"FIN301","202410","Y","B","B-",2.7
"1708",8188789,"ISA125","202220","Y","C","C",2
"1709",8188789,"ISA225","202420","Y","C","C",2
"1710",8188789,"ISA235","202310","Y","B","B",3
"1711",8188789,"MGT291","202410","Y","A","A-",3.7
"1712",8185339,"ACC221","202220","Y","A","A",4
"1713",8185339,"BUS104","202210","Y","A","A",4
"1714",8185339,"CSE148","202220","Y","A","A",4
"1715",8185339,"FIN301","202320","Y","A","A",4
"1716",8185339,"ISA225","202310","Y","A","A",4
"1717",8185339,"ISA235","202310","Y","A","A",4
"1718",8185339,"MGT295","202410","Y","A","A",4
"1719",8185339,"MTH141","202210","Y","A","A-",3.7
"1720",8183142,"ACC221","202310","Y","D","D+",1.3
"1721",8183142,"BUS104","202320","Y","B","B",3
"1722",8183142,"CSE148","202310","Y","B","B-",2.7
"1723",8183142,"ECO201","202230","Y","B","B",3
"1724",8183142,"ISA125","202320","Y","C","C-",1.7
"1725",8183142,"ISA225","202410","Y","C","C-",1.7
"1726",8183142,"ISA235","202410","Y","B","B-",2.7
"1727",8183142,"MGT291","202420","Y","C","C+",2.3
"1728",8183142,"MTH151","202210","N","F","F",0
"1729",8183142,NA,"202220","Y","B","B+",3.3
"1730",8183049,"ACC221","202220","Y","A","A",4
"1731",8183049,"BUS104","202210","Y","A","A-",3.7
"1732",8183049,"CSE148","202220","Y","A","A",4
"1733",8183049,"FIN301","202330","Y","B","B",3
"1734",8183049,"ISA225","202330","Y","A","A-",3.7
"1735",8183049,"ISA235","202310","Y","A","A-",3.7
"1736",8183049,"MGT291","202310","Y","B","B",3
"1737",8183049,"MGT295","202330","Y","B","B",3
"1738",8166210,"ACC221","202320","Y","A","A-",3.7
"1739",8166210,"BUS104","202320","Y","A","A",4
"1740",8166210,"CSE148","202310","Y","A","A",4
"1741",8166210,"ECO201","202410","Y","A","A",4
"1742",8166210,"FIN301","202420","Y","B","B+",3.3
"1743",8166210,"ISA235","202410","Y","A","A",4
"1744",8166210,"MGT291","202420","Y","B","B+",3.3
"1745",8166210,"MGT295","202410","Y","A","A",4
"1746",8166210,"MTH151","202310","Y","A","A",4
"1747",8160693,"ACC221","202420","Y","C","C",2
"1748",8160693,"BUS104","202310","Y","C","C+",2.3
"1749",8160693,"CSE148","202320","Y","B","B+",3.3
"1750",8160693,"ECO201","202410","Y","D","D",1
"1751",8160693,"ISA125","202410","Y","C","C",2
"1752",8160693,"ISA235","202420","Y","B","B",3
"1753",8160693,"MTH141","202320","Y","D","D",1
"1754",8152749,"ACC221","202420","Y","B","B-",2.7
"1755",8152749,"BUS104","202420","Y","B","B+",3.3
"1756",8152749,"CSE148","202410","Y","B","B",3
"1757",8152749,"ECO201","202310","Y","B","B",3
"1758",8152749,"ISA235","202420","Y","B","B",3
"1759",8152749,"MTH141","202320","Y","A","A",4
"1760",8151695,"ACC221","202310","Y","C","C",2
"1761",8151695,"BUS104","202310","Y","B","B-",2.7
"1762",8151695,"CSE148","202320","Y","D","D",1
"1763",8151695,NA,"202330","Y","B","B+",3.3
"1764",8151695,"ECO201","202410","Y","C","C",2
"1765",8151695,"ISA125","202410","Y","C","C",2
"1766",8151695,"ISA235","202420","Y","C","C+",2.3
"1767",8151695,"MGT291","202420","Y","C","C",2
"1768",8151695,"MTH141","202320","Y","C","C-",1.7
"1769",8149309,"ACC221","202420","Y","C","C-",1.7
"1770",8149309,"BUS104","202310","Y","B","B-",2.7
"1771",8149309,"CSE148","202320","Y","C","C",2
"1772",8149309,"ECO201","202320","Y","C","C+",2.3
"1773",8149309,"ISA125","202410","Y","B","B-",2.7
"1774",8149309,"ISA235","202420","Y","B","B",3
"1775",8147231,"ACC221","202310","Y","A","A-",3.7
"1776",8147231,"BUS104","202320","Y","A","A",4
"1777",8147231,"CSE148","202310","Y","A","A",4
"1778",8147231,"ISA225","202420","Y","A","A",4
"1779",8147231,"ISA235","202410","Y","A","A",4
"1780",8144976,"ACC221","202320","Y","A","A-",3.7
"1781",8144976,"BUS104","202310","Y","A","A-",3.7
"1782",8144976,"CSE148","202320","Y","A","A+",4
"1783",8144976,"ECO201","202410","Y","A","A+",4
"1784",8144976,"ISA125","202410","Y","A","A",4
"1785",8144976,"ISA235","202420","Y","B","B",3
"1786",8144976,"MGT291","202420","Y","C","C-",1.7
"1787",8136759,"ACC221","202410","Y","A","A",4
"1788",8136759,"BUS104","202420","Y","A","A",4
"1789",8136759,"CSE148","202410","Y","A","A",4
"1790",8136759,"MGT291","202410","Y","A","A",4
"1791",8132821,"ACC221","202410","Y","B","B-",2.7
"1792",8132821,"BUS104","202310","Y","A","A",4
"1793",8132821,"CSE148","202320","Y","A","A-",3.7
"1794",8132821,"ECO201","202310","Y","A","A-",3.7
"1795",8132821,"ISA125","202320","Y","B","B",3
"1796",8132821,"ISA225","202410","Y","B","B-",2.7
"1797",8125309,"BUS104","202420","Y","A","A",4
"1798",8125309,"CSE148","202410","Y","A","A",4
"1799",8125309,"ISA125","202420","Y","A","A",4
"1800",8125309,"MTH141","202410","Y","A","A",4
"1801",8119866,"ACC221","202420","Y","A","A",4
"1802",8119866,"BUS104","202410","Y","B","B+",3.3
"1803",8119866,"CSE148","202420","Y","A","A",4
"1804",8119866,"ECO201","202410","Y","A","A",4
"1805",8118995,"BUS104","202410","Y","B","B+",3.3
"1806",8118995,"CSE148","202420","Y","A","A-",3.7
"1807",8118995,"ECO201","202410","Y","B","B",3
"1808",8115814,"BUS104","202410","Y","A","A-",3.7
"1809",8115814,"CSE148","202420","Y","C","C",2
"1810",8115814,"MTH141","202410","Y","B","B",3
"1811",8113940,"ACC221","202420","Y","B","B+",3.3
"1812",8113940,"BUS104","202410","Y","A","A-",3.7
"1813",8113940,"CSE148","202420","Y","A","A",4
"1814",8110017,"BUS104","202410","Y","B","B",3
"1815",8110017,"CSE148","202420","Y","C","C",2
"1816",8110017,"MTH141","202420","Y","C","C+",2.3
"1817",8109444,"ACC221","202410","Y","B","B+",3.3
"1818",8109444,"BUS104","202410","Y","A","A-",3.7
"1819",8109444,"CSE148","202420","Y","A","A",4
"1820",8109444,"ISA125","202420","Y","B","B+",3.3
"1821",8108061,"ACC221","202420","Y","B","B",3
"1822",8108061,"BUS104","202410","Y","B","B+",3.3
"1823",8108061,"CSE148","202420","Y","A","A-",3.7
"1824",8108061,"ECO201","202410","Y","A","A",4
"1825",8108061,"ISA125","202420","Y","B","B",3
"1826",8098858,"BUS104","202420","Y","C","C-",1.7
"1827",8098858,"CSE148","202410","Y","C","C",2
"1828",8098858,"MTH141","202410","Y","A","A-",3.7
"1829",8098858,NA,NA,NA,NA,NA,NA
"1830",8098858,"SUBSTRING(Course FROM 1 FOR 6) is equal to MTH141 , ISA125 , ECO201 , MGT291 , FIN301 , ISA235 , MGT295 , ACC221 , BUS104 , CSE148 , MTH151 , ISA225",NA,NA,NA,NA,NA
"1831",8098858,"Include in GPA is equal to / is in Y",NA,NA,NA,NA,NA
"1832",8098858,"9999999 - Pidm is equal to any Student ID in IS Major Students",NA,NA,NA,NA,NA
