"","Student ID","Cohort Term","Term Code","Enrolled Student Count","Major 1","Major 2","Major 3"
"1",8098858,"202410","202410",1,"IS Major",NA,NA
"2",8098858,"202410","202420",1,"IS Major",NA,NA
"3",8108061,"202410","202410",1,"IS Major",NA,NA
"4",8108061,"202410","202420",1,"IS Major",NA,NA
"5",8108061,"202410","202510",1,"IS Major",NA,NA
"6",8109444,"202410","202410",1,"Cybersecurity Mgt Major",NA,NA
"7",8109444,"202410","202420",1,"IS Major",NA,NA
"8",8109444,"202410","202510",1,"IS Major",NA,NA
"9",8110017,"202410","202410",1,"IS Major",NA,NA
"10",8110017,"202410","202420",1,"IS Major",NA,NA
"11",8110017,"202410","202510",1,"Cybersecurity Mgt Major",NA,NA
"12",8113940,"202410","202410",1,"Marketing",NA,NA
"13",8113940,"202410","202420",1,"Marketing",NA,NA
"14",8113940,"202410","202510",1,"IS Major",NA,NA
"15",8115814,"202410","202410",1,"IS Major",NA,NA
"16",8115814,"202410","202420",1,"Cybersecurity Mgt Major",NA,NA
"17",8115814,"202410","202510",1,"Cybersecurity Mgt Major",NA,NA
"18",8118995,"202410","202410",1,"IS Major",NA,NA
"19",8118995,"202410","202420",1,"Cybersecurity Mgt Major",NA,NA
"20",8118995,"202410","202510",1,"Cybersecurity Mgt Major",NA,NA
"21",8119866,"202410","202410",1,"Undeclared - Business",NA,NA
"22",8119866,"202410","202420",1,"IS Major",NA,NA
"23",8119866,"202410","202510",1,"IS Major",NA,NA
"24",8125309,"202410","202410",1,"IS Major",NA,NA
"25",8125309,"202410","202420",1,"Cybersecurity Mgt Major",NA,NA
"26",8125309,"202410","202510",1,"Cybersecurity Mgt Major",NA,NA
"27",8132821,"202310","202310",1,"BA Major",NA,NA
"28",8132821,"202310","202320",1,"IS Major",NA,NA
"29",8132821,"202310","202410",1,"IS Major",NA,NA
"30",8136759,"202310","202310",1,"CAS",NA,NA
"31",8136759,"202310","202320",1,"CAS",NA,NA
"32",8136759,"202310","202410",1,"Marketing",NA,NA
"33",8136759,"202310","202420",1,"BA Major","IS Major",NA
"34",8136759,"202310","202510",1,"CAS","Human Capital Mgmt& Leadership",NA
"35",8144976,"202310","202310",1,"Undeclared - Business",NA,NA
"36",8144976,"202310","202320",1,"Undeclared - Business",NA,NA
"37",8144976,"202310","202410",1,"Undeclared - Business",NA,NA
"38",8144976,"202310","202420",1,"IS Major",NA,NA
"39",8144976,"202310","202510",1,"IS Major",NA,NA
"40",8147231,"202310","202310",1,"Marketing",NA,NA
"41",8147231,"202310","202320",1,"Marketing",NA,NA
"42",8147231,"202310","202410",1,"BA Major","IS Major",NA
"43",8147231,"202310","202420",1,"BA Major","Cybersecurity Mgt Major",NA
"44",8147231,"202310","202510",1,"BA Major","Cybersecurity Mgt Major",NA
"45",8149309,"202310","202310",1,"IS Major",NA,NA
"46",8149309,"202310","202320",1,"IS Major",NA,NA
"47",8149309,"202310","202410",1,"IS Major",NA,NA
"48",8149309,"202310","202420",1,"IS Major",NA,NA
"49",8149309,"202310","202510",1,"IS Major",NA,NA
"50",8151695,"202310","202310",1,"IS Major",NA,NA
"51",8151695,"202310","202320",1,"IS Major",NA,NA
"52",8151695,"202310","202410",1,"IS Major",NA,NA
"53",8151695,"202310","202420",1,"Marketing",NA,NA
"54",8151695,"202310","202510",1,"Marketing",NA,NA
"55",8152749,"202310","202310",1,"CAS",NA,NA
"56",8152749,"202310","202320",1,"CAS",NA,NA
"57",8152749,"202310","202410",1,"IS Major",NA,NA
"58",8152749,"202310","202420",1,"IS Major",NA,NA
"59",8152749,"202310","202510",1,"IS Major",NA,NA
"60",8160693,"202310","202310",1,"Finance",NA,NA
"61",8160693,"202310","202320",1,"Finance",NA,NA
"62",8160693,"202310","202410",1,"Cybersecurity Mgt Major",NA,NA
"63",8160693,"202310","202420",1,"Cybersecurity Mgt Major",NA,NA
"64",8160693,"202310","202510",1,"IS Major",NA,NA
"65",8166210,"202310","202310",1,"Supply Chain & Operations Mgmt",NA,NA
"66",8166210,"202310","202320",1,"Supply Chain & Operations Mgmt",NA,NA
"67",8166210,"202310","202410",1,"Supply Chain & Operations Mgmt",NA,NA
"68",8166210,"202310","202420",1,"IS Major","Supply Chain & Operations Mgmt",NA
"69",8166210,"202310","202510",1,"IS Major","Supply Chain & Operations Mgmt",NA
"70",8183049,"202210","202210",1,"Finance",NA,NA
"71",8183049,"202210","202220",1,"Finance",NA,NA
"72",8183049,"202210","202310",1,"IS Major",NA,NA
"73",8183049,"202210","202410",1,"Cybersecurity Mgt Major",NA,NA
"74",8183049,"202210","202420",1,"Cybersecurity Mgt Major",NA,NA
"75",8183049,"202210","202510",1,"Cybersecurity Mgt Major",NA,NA
"76",8183142,"202210","202210",1,"CEC",NA,NA
"77",8183142,"202210","202220",1,"CEC",NA,NA
"78",8183142,"202210","202310",1,"Cybersecurity Mgt Major",NA,NA
"79",8183142,"202210","202320",1,"Cybersecurity Mgt Major",NA,NA
"80",8183142,"202210","202410",1,"Cybersecurity Mgt Major",NA,NA
"81",8183142,"202210","202420",1,"Cybersecurity Mgt Major",NA,NA
"82",8183142,"202210","202510",1,"Cybersecurity Mgt Major",NA,NA
"83",8185339,"202210","202210",1,"Entrepreneurship","Undeclared - Business",NA
"84",8185339,"202210","202220",1,"Entrepreneurship","Undeclared - Business",NA
"85",8185339,"202210","202310",1,"Entrepreneurship","IS Major",NA
"86",8185339,"202210","202320",1,"Entrepreneurship","IS Major",NA
"87",8185339,"202210","202410",1,"Entrepreneurship","IS Major",NA
"88",8185339,"202210","202420",1,"Entrepreneurship","IS Major",NA
"89",8185339,"202210","202510",1,"Entrepreneurship","IS Major",NA
"90",8188789,"202210","202210",1,"IS Major",NA,NA
"91",8188789,"202210","202220",1,"IS Major",NA,NA
"92",8188789,"202210","202310",1,"IS Major",NA,NA
"93",8188789,"202210","202320",1,"IS Major",NA,NA
"94",8188789,"202210","202410",1,"IS Major",NA,NA
"95",8188789,"202210","202420",1,"IS Major",NA,NA
"96",8188789,"202210","202510",1,"IS Major",NA,NA
"97",8189765,"202210","202210",1,"Undeclared - Business",NA,NA
"98",8189765,"202210","202220",1,"Undeclared - Business",NA,NA
"99",8189765,"202210","202310",1,"IS Major",NA,NA
"100",8189765,"202210","202320",1,"IS Major",NA,NA
"101",8189765,"202210","202410",1,"Cybersecurity Mgt Major",NA,NA
"102",8189765,"202210","202420",1,"Cybersecurity Mgt Major",NA,NA
"103",8189765,"202210","202510",1,"Cybersecurity Mgt Major",NA,NA
"104",8190053,"202310","202310",1,"IS Major",NA,NA
"105",8190053,"202310","202320",1,"IS Major",NA,NA
"106",8190053,"202310","202410",1,"IS Major",NA,NA
"107",8190053,"202310","202420",1,"IS Major",NA,NA
"108",8190053,"202310","202510",1,"IS Major",NA,NA
"109",8190645,"202210","202210",1,"IS Major",NA,NA
"110",8190645,"202210","202220",1,"IS Major",NA,NA
"111",8190645,"202210","202310",1,"Cybersecurity Mgt Major",NA,NA
"112",8190645,"202210","202320",1,"IS Major",NA,NA
"113",8190645,"202210","202410",1,"IS Major",NA,NA
"114",8190645,"202210","202420",1,"IS Major",NA,NA
"115",8190645,"202210","202510",1,"IS Major",NA,NA
"116",8190732,"202210","202210",1,"Business Economics",NA,NA
"117",8190732,"202210","202220",1,"IS Major",NA,NA
"118",8190732,"202210","202310",1,"Cybersecurity Mgt Major",NA,NA
"119",8190732,"202210","202320",1,"Cybersecurity Mgt Major",NA,NA
"120",8190732,"202210","202410",1,"Cybersecurity Mgt Major",NA,NA
"121",8190732,"202210","202420",1,"Cybersecurity Mgt Major",NA,NA
"122",8190732,"202210","202510",1,"Cybersecurity Mgt Major",NA,NA
"123",8193517,"202210","202210",1,"IS Major",NA,NA
"124",8193517,"202210","202220",1,"IS Major",NA,NA
"125",8193517,"202210","202310",1,"IS Major",NA,NA
"126",8193517,"202210","202320",1,"IS Major",NA,NA
"127",8193517,"202210","202410",1,"IS Major",NA,NA
"128",8193517,"202210","202420",1,"IS Major",NA,NA
"129",8193517,"202210","202510",1,"IS Major",NA,NA
"130",8194067,"202210","202210",1,"Undeclared - Business",NA,NA
"131",8194067,"202210","202220",1,"Undeclared - Business",NA,NA
"132",8194067,"202210","202310",1,"IS Major",NA,NA
"133",8194067,"202210","202320",1,"IS Major",NA,NA
"134",8194067,"202210","202410",1,"IS Major",NA,NA
"135",8194067,"202210","202420",1,"IS Major",NA,NA
"136",8194067,"202210","202510",1,"IS Major",NA,NA
"137",8194253,"202210","202210",1,"BA Major",NA,NA
"138",8194253,"202210","202220",1,"BA Major","IS Major",NA
"139",8194253,"202210","202310",1,"BA Major","IS Major",NA
"140",8194253,"202210","202320",1,"BA Major","IS Major",NA
"141",8194253,"202210","202410",1,"BA Major","IS Major",NA
"142",8194253,"202210","202420",1,"BA Major","IS Major",NA
"143",8194253,"202210","202510",1,"BA Major","IS Major",NA
"144",8194429,"202210","202210",1,"Marketing",NA,NA
"145",8194429,"202210","202220",1,"IS Major",NA,NA
"146",8194429,"202210","202310",1,"IS Major",NA,NA
"147",8194429,"202210","202320",1,"IS Major",NA,NA
"148",8194429,"202210","202410",1,"Accountancy","IS Major",NA
"149",8194429,"202210","202420",1,"Accountancy","IS Major",NA
"150",8194429,"202210","202510",1,"IS Major",NA,NA
"151",8196411,"202210","202210",1,"IS Major",NA,NA
"152",8196411,"202210","202220",1,"IS Major",NA,NA
"153",8196411,"202210","202310",1,"IS Major",NA,NA
"154",8196411,"202210","202320",1,"IS Major",NA,NA
"155",8196411,"202210","202410",1,"IS Major",NA,NA
"156",8196411,"202210","202420",1,"IS Major",NA,NA
"157",8196411,"202210","202510",1,"IS Major",NA,NA
"158",8197248,"202210","202210",1,"IS Major",NA,NA
"159",8197248,"202210","202220",1,"IS Major",NA,NA
"160",8197248,"202210","202310",1,"Cybersecurity Mgt Major",NA,NA
"161",8197248,"202210","202320",1,"Cybersecurity Mgt Major",NA,NA
"162",8197248,"202210","202410",1,"Cybersecurity Mgt Major",NA,NA
"163",8197248,"202210","202420",1,"Cybersecurity Mgt Major",NA,NA
"164",8197248,"202210","202510",1,"Cybersecurity Mgt Major",NA,NA
"165",8197334,"202210","202210",1,"Undeclared - Business",NA,NA
"166",8197334,"202210","202220",1,"Undeclared - Business",NA,NA
"167",8197334,"202210","202310",1,"Accountancy",NA,NA
"168",8197334,"202210","202320",1,"Accountancy","IS Major",NA
"169",8197334,"202210","202410",1,"Accountancy","IS Major",NA
"170",8197334,"202210","202420",1,"Accountancy",NA,NA
"171",8197334,"202210","202510",1,"Accountancy",NA,NA
"172",8198622,"202210","202210",1,"Business Economics",NA,NA
"173",8198622,"202210","202220",1,"Business Economics",NA,NA
"174",8198622,"202210","202310",1,"Business Economics",NA,NA
"175",8198622,"202210","202320",1,"Finance","IS Major",NA
"176",8198622,"202210","202410",1,"Finance","IS Major",NA
"177",8198622,"202210","202420",1,"Accountancy","Business Economics",NA
"178",8198622,"202210","202510",1,"Accountancy",NA,NA
"179",8200937,"202210","202210",1,"Undeclared - Business",NA,NA
"180",8200937,"202210","202220",1,"Undeclared - Business",NA,NA
"181",8200937,"202210","202310",1,"Undeclared - Business",NA,NA
"182",8200937,"202210","202320",1,"IS Major",NA,NA
"183",8200937,"202210","202410",1,"IS Major",NA,NA
"184",8200937,"202210","202420",1,"IS Major",NA,NA
"185",8200937,"202210","202510",1,"IS Major",NA,NA
"186",8201100,"202210","202210",1,"BA Major",NA,NA
"187",8201100,"202210","202220",1,"BA Major",NA,NA
"188",8201100,"202210","202310",1,"BA Major",NA,NA
"189",8201100,"202210","202320",1,"BA Major",NA,NA
"190",8201100,"202210","202410",1,"BA Major","IS Major",NA
"191",8201100,"202210","202420",1,"BA Major","IS Major",NA
"192",8201100,"202210","202510",1,"BA Major","IS Major",NA
"193",8201508,"202210","202210",1,"Human Capital Mgmt& Leadership",NA,NA
"194",8201508,"202210","202220",1,"Finance",NA,NA
"195",8201508,"202210","202310",1,"Finance",NA,NA
"196",8201508,"202210","202320",1,"Finance","IS Major",NA
"197",8201508,"202210","202410",1,"Finance","IS Major",NA
"198",8201508,"202210","202420",1,"Finance","IS Major",NA
"199",8201508,"202210","202510",1,"Finance","IS Major",NA
"200",8201904,"202210","202210",1,"IS Major",NA,NA
"201",8201904,"202210","202220",1,"IS Major",NA,NA
"202",8201904,"202210","202310",1,"Cybersecurity Mgt Major",NA,NA
"203",8201904,"202210","202320",1,"Cybersecurity Mgt Major",NA,NA
"204",8201904,"202210","202410",1,"Cybersecurity Mgt Major",NA,NA
"205",8201904,"202210","202420",1,"Cybersecurity Mgt Major",NA,NA
"206",8201904,"202210","202510",1,"Cybersecurity Mgt Major",NA,NA
"207",8203154,"202210","202210",1,"CCA","Marketing",NA
"208",8203154,"202210","202220",1,"CCA","Marketing",NA
"209",8203154,"202210","202310",1,"CCA","Marketing",NA
"210",8203154,"202210","202320",1,"CCA","IS Major",NA
"211",8203154,"202210","202410",1,"CCA","IS Major",NA
"212",8203154,"202210","202420",1,"CCA","IS Major",NA
"213",8203154,"202210","202510",1,"CCA","IS Major",NA
"214",8203997,"202210","202210",1,"Undeclared - Business",NA,NA
"215",8203997,"202210","202220",1,"Undeclared - Business",NA,NA
"216",8203997,"202210","202310",1,"Undeclared - Business",NA,NA
"217",8203997,"202210","202320",1,"IS Major",NA,NA
"218",8203997,"202210","202410",1,"IS Major",NA,NA
"219",8203997,"202210","202420",1,"IS Major",NA,NA
"220",8203997,"202210","202510",1,"IS Major",NA,NA
"221",8204070,"202210","202210",1,"Finance",NA,NA
"222",8204070,"202210","202220",1,"BA Major",NA,NA
"223",8204070,"202210","202310",1,"BA Major",NA,NA
"224",8204070,"202210","202320",1,"IS Major",NA,NA
"225",8204070,"202210","202410",1,"IS Major",NA,NA
"226",8204070,"202210","202420",1,"IS Major",NA,NA
"227",8204070,"202210","202510",1,"IS Major",NA,NA
"228",8204796,"202210","202210",1,"CAS","Human Capital Mgmt& Leadership",NA
"229",8204796,"202210","202220",1,"CAS","Human Capital Mgmt& Leadership",NA
"230",8204796,"202210","202310",1,"CAS","Human Capital Mgmt& Leadership",NA
"231",8204796,"202210","202320",1,"IS Major",NA,NA
"232",8204796,"202210","202410",1,"IS Major",NA,NA
"233",8204796,"202210","202420",1,"IS Major",NA,NA
"234",8204796,"202210","202510",1,"IS Major",NA,NA
"235",8205621,"202210","202210",1,"Human Capital Mgmt& Leadership",NA,NA
"236",8205621,"202210","202220",1,"Human Capital Mgmt& Leadership",NA,NA
"237",8205621,"202210","202310",1,"Marketing",NA,NA
"238",8205621,"202210","202320",1,"IS Major","Marketing",NA
"239",8205621,"202210","202410",1,"IS Major","Marketing",NA
"240",8205621,"202210","202420",1,"IS Major","Marketing",NA
"241",8205621,"202210","202510",1,"IS Major","Marketing",NA
"242",8205774,"202210","202210",1,"Undeclared - Business",NA,NA
"243",8205774,"202210","202220",1,"Undeclared - Business",NA,NA
"244",8205774,"202210","202310",1,"IS Major",NA,NA
"245",8205774,"202210","202320",1,"IS Major",NA,NA
"246",8205774,"202210","202410",1,"IS Major",NA,NA
"247",8205774,"202210","202420",1,"IS Major",NA,NA
"248",8205774,"202210","202510",1,"IS Major",NA,NA
"249",8206175,"202210","202210",1,"IS Major",NA,NA
"250",8206175,"202210","202220",1,"IS Major",NA,NA
"251",8206175,"202210","202310",1,"Cybersecurity Mgt Major",NA,NA
"252",8206175,"202210","202320",1,"Cybersecurity Mgt Major",NA,NA
"253",8206175,"202210","202410",1,"Cybersecurity Mgt Major",NA,NA
"254",8206175,"202210","202420",1,"Supply Chain & Operations Mgmt",NA,NA
"255",8206175,"202210","202510",1,"Supply Chain & Operations Mgmt",NA,NA
"256",8207043,"202210","202210",1,"Undeclared - Business",NA,NA
"257",8207043,"202210","202220",1,"Undeclared - Business",NA,NA
"258",8207043,"202210","202310",1,"IS Major",NA,NA
"259",8207043,"202210","202320",1,"IS Major",NA,NA
"260",8207043,"202210","202410",1,"IS Major",NA,NA
"261",8207043,"202210","202420",1,"IS Major",NA,NA
"262",8207043,"202210","202510",1,"IS Major",NA,NA
"263",8208211,"202210","202210",1,"Finance",NA,NA
"264",8208211,"202210","202220",1,"Finance",NA,NA
"265",8208211,"202210","202310",1,"Accountancy","Finance",NA
"266",8208211,"202210","202320",1,"Accountancy","Finance",NA
"267",8208211,"202210","202410",1,"Accountancy","BA Major",NA
"268",8208211,"202210","202420",1,"BA Major","IS Major",NA
"269",8208211,"202210","202510",1,"BA Major","IS Major",NA
"270",8218558,"202210","202210",1,"Business Economics",NA,NA
"271",8218558,"202210","202220",1,"IS Major",NA,NA
"272",8218558,"202210","202310",1,"IS Major",NA,NA
"273",8218558,"202210","202320",1,"IS Major",NA,NA
"274",8218558,"202210","202410",1,"IS Major",NA,NA
"275",8218558,"202210","202420",1,"IS Major",NA,NA
"276",8218558,"202210","202510",1,"IS Major",NA,NA
"277",8223835,"202110","202110",1,"CAS",NA,NA
"278",8223835,"202110","202120",1,"CAS",NA,NA
"279",8223835,"202110","202210",1,"Finance",NA,NA
"280",8223835,"202110","202220",1,"Finance",NA,NA
"281",8223835,"202110","202310",1,"Finance",NA,NA
"282",8223835,"202110","202320",1,"IS Major",NA,NA
"283",8223835,"202110","202410",1,"IS Major",NA,NA
"284",8223835,"202110","202420",1,"IS Major",NA,NA
"285",8225982,"202210","202210",1,"CCA","IS Major",NA
"286",8225982,"202210","202220",1,"CCA","IS Major",NA
"287",8226272,"202110","202110",1,"Undeclared - Business",NA,NA
"288",8226272,"202110","202120",1,"Undeclared - Business",NA,NA
"289",8226272,"202110","202210",1,"IS Major",NA,NA
"290",8226272,"202110","202220",1,"IS Major","Marketing",NA
"291",8226272,"202110","202310",1,"IS Major","Marketing",NA
"292",8226272,"202110","202320",1,"IS Major","Marketing",NA
"293",8226272,"202110","202410",1,"IS Major","Marketing",NA
"294",8226272,"202110","202420",1,"IS Major","Marketing",NA
"295",8226515,"202110","202110",1,"Business Economics",NA,NA
"296",8226515,"202110","202120",1,"Business Economics",NA,NA
"297",8226515,"202110","202210",1,"IS Major",NA,NA
"298",8226515,"202110","202220",1,"IS Major",NA,NA
"299",8226515,"202110","202310",1,"IS Major",NA,NA
"300",8226515,"202110","202410",1,"IS Major",NA,NA
"301",8226515,"202110","202420",1,"CEC",NA,NA
"302",8226515,"202110","202510",1,"CEC",NA,NA
"303",8226542,"202110","202110",1,"Business Economics",NA,NA
"304",8226542,"202110","202120",1,"IS Major",NA,NA
"305",8226542,"202110","202210",1,"IS Major",NA,NA
"306",8226542,"202110","202220",1,"IS Major",NA,NA
"307",8226542,"202110","202310",1,"Cybersecurity Mgt Major",NA,NA
"308",8226542,"202110","202320",1,"Cybersecurity Mgt Major",NA,NA
"309",8226542,"202110","202410",1,"Cybersecurity Mgt Major",NA,NA
"310",8226542,"202110","202420",1,"Cybersecurity Mgt Major",NA,NA
"311",8230669,"202110","202110",1,"Accountancy",NA,NA
"312",8230669,"202110","202120",1,"Accountancy",NA,NA
"313",8230669,"202110","202210",1,"Accountancy",NA,NA
"314",8230669,"202110","202220",1,"Accountancy",NA,NA
"315",8230669,"202110","202310",1,"Accountancy","IS Major",NA
"316",8230669,"202110","202320",1,"Accountancy","IS Major",NA
"317",8230669,"202110","202410",1,"Accountancy","IS Major",NA
"318",8230669,"202110","202420",1,"Accountancy","IS Major",NA
"319",8230735,"202110","202110",1,"IS Major",NA,NA
"320",8230735,"202110","202120",1,"IS Major",NA,NA
"321",8230735,"202110","202210",1,"IS Major",NA,NA
"322",8230735,"202110","202220",1,"IS Major",NA,NA
"323",8230735,"202110","202310",1,"BA Major","IS Major",NA
"324",8230735,"202110","202320",1,"BA Major","IS Major",NA
"325",8230735,"202110","202410",1,"BA Major","IS Major",NA
"326",8230735,"202110","202420",1,"BA Major","IS Major",NA
"327",8231350,"202110","202110",1,"Business Economics",NA,NA
"328",8231350,"202110","202120",1,"Marketing",NA,NA
"329",8231350,"202110","202210",1,"Business Economics",NA,NA
"330",8231350,"202110","202220",1,"Finance","IS Major",NA
"331",8231350,"202110","202310",1,"Finance",NA,NA
"332",8231350,"202110","202320",1,"Finance",NA,NA
"333",8231350,"202110","202410",1,"Finance",NA,NA
"334",8231350,"202110","202420",1,"Finance",NA,NA
"335",8231569,"202110","202110",1,"IS Major",NA,NA
"336",8231569,"202110","202120",1,"IS Major",NA,NA
"337",8231569,"202110","202210",1,"IS Major",NA,NA
"338",8231569,"202110","202220",1,"IS Major",NA,NA
"339",8231569,"202110","202310",1,"Cybersecurity Mgt Major",NA,NA
"340",8231569,"202110","202320",1,"Cybersecurity Mgt Major",NA,NA
"341",8231569,"202110","202410",1,"Cybersecurity Mgt Major",NA,NA
"342",8231569,"202110","202420",1,"Cybersecurity Mgt Major",NA,NA
"343",8231842,"202110","202110",1,"Undeclared - Business",NA,NA
"344",8231842,"202110","202120",1,"Undeclared - Business",NA,NA
"345",8231842,"202110","202210",1,"Undeclared - Business",NA,NA
"346",8231842,"202110","202220",1,"IS Major",NA,NA
"347",8231842,"202110","202310",1,"IS Major",NA,NA
"348",8231842,"202110","202320",1,"IS Major",NA,NA
"349",8231842,"202110","202410",1,"IS Major",NA,NA
"350",8231842,"202110","202420",1,"IS Major",NA,NA
"351",8232786,"202110","202110",1,"Undeclared - Business",NA,NA
"352",8232786,"202110","202120",1,"Undeclared - Business",NA,NA
"353",8232786,"202110","202210",1,"Undeclared - Business",NA,NA
"354",8232786,"202110","202220",1,"IS Major",NA,NA
"355",8232786,"202110","202310",1,"Cybersecurity Mgt Major",NA,NA
"356",8232786,"202110","202320",1,"Cybersecurity Mgt Major",NA,NA
"357",8232786,"202110","202410",1,"Cybersecurity Mgt Major",NA,NA
"358",8232786,"202110","202420",1,"Cybersecurity Mgt Major",NA,NA
"359",8233515,"202110","202110",1,"Undeclared - Business",NA,NA
"360",8233515,"202110","202120",1,"Undeclared - Business",NA,NA
"361",8233515,"202110","202210",1,"Undeclared - Business",NA,NA
"362",8233515,"202110","202220",1,"IS Major",NA,NA
"363",8233515,"202110","202310",1,"Business Economics",NA,NA
"364",8233515,"202110","202320",1,"Business Economics",NA,NA
"365",8233515,"202110","202410",1,"Business Economics",NA,NA
"366",8233515,"202110","202420",1,"Business Economics",NA,NA
"367",8233844,"202110","202110",1,"Accountancy",NA,NA
"368",8233844,"202110","202120",1,"Accountancy",NA,NA
"369",8233844,"202110","202210",1,"CAS","IS Major",NA
"370",8233844,"202110","202220",1,"BA Major","CAS",NA
"371",8233844,"202110","202310",1,"BA Major","CAS",NA
"372",8233844,"202110","202320",1,"BA Major",NA,NA
"373",8233844,"202110","202410",1,"BA Major",NA,NA
"374",8233844,"202110","202420",1,"BA Major",NA,NA
"375",8234195,"202110","202110",1,"Accountancy",NA,NA
"376",8234195,"202110","202120",1,"Accountancy",NA,NA
"377",8234195,"202110","202210",1,"Accountancy",NA,NA
"378",8234195,"202110","202220",1,"IS Major",NA,NA
"379",8234195,"202110","202310",1,"IS Major",NA,NA
"380",8234195,"202110","202320",1,"IS Major",NA,NA
"381",8234195,"202110","202410",1,"IS Major",NA,NA
"382",8234195,"202110","202420",1,"IS Major",NA,NA
"383",8235359,"202110","202110",1,"CAS",NA,NA
"384",8235359,"202110","202120",1,"CAS",NA,NA
"385",8235359,"202110","202210",1,"Undeclared - Business",NA,NA
"386",8235359,"202110","202220",1,"IS Major",NA,NA
"387",8235359,"202110","202310",1,"IS Major",NA,NA
"388",8235359,"202110","202320",1,"IS Major",NA,NA
"389",8235359,"202110","202410",1,"IS Major",NA,NA
"390",8235359,"202110","202420",1,"IS Major",NA,NA
"391",8235554,"202110","202110",1,"IS Major",NA,NA
"392",8235554,"202110","202120",1,"IS Major",NA,NA
"393",8235554,"202110","202210",1,"Finance",NA,NA
"394",8235554,"202110","202220",1,"Finance",NA,NA
"395",8235554,"202110","202310",1,"Finance",NA,NA
"396",8235554,"202110","202320",1,"Finance",NA,NA
"397",8235554,"202110","202410",1,"Finance",NA,NA
"398",8235554,"202110","202420",1,"Finance",NA,NA
"399",8235697,"202110","202110",1,"Accountancy",NA,NA
"400",8235697,"202110","202120",1,"Accountancy",NA,NA
"401",8235697,"202110","202210",1,"Accountancy",NA,NA
"402",8235697,"202110","202220",1,"IS Major",NA,NA
"403",8235697,"202110","202310",1,"IS Major",NA,NA
"404",8235697,"202110","202320",1,"IS Major",NA,NA
"405",8235697,"202110","202410",1,"IS Major",NA,NA
"406",8235697,"202110","202420",1,"IS Major",NA,NA
"407",8235926,"202110","202110",1,"Undeclared - Business",NA,NA
"408",8235926,"202110","202120",1,"Undeclared - Business",NA,NA
"409",8235926,"202110","202210",1,"Undeclared - Business",NA,NA
"410",8235926,"202110","202220",1,"IS Major",NA,NA
"411",8235926,"202110","202310",1,"BA Major",NA,NA
"412",8235926,"202110","202320",1,"BA Major",NA,NA
"413",8235926,"202110","202410",1,"BA Major",NA,NA
"414",8235926,"202110","202420",1,"BA Major",NA,NA
"415",8236079,"202110","202110",1,"Business Economics",NA,NA
"416",8236079,"202110","202120",1,"Business Economics",NA,NA
"417",8236079,"202110","202210",1,"IS Major",NA,NA
"418",8236079,"202110","202220",1,"IS Major",NA,NA
"419",8236079,"202110","202310",1,"IS Major",NA,NA
"420",8236079,"202110","202320",1,"IS Major",NA,NA
"421",8236079,"202110","202410",1,"IS Major",NA,NA
"422",8237411,"202110","202110",1,"Business Economics",NA,NA
"423",8237411,"202110","202120",1,"Business Economics",NA,NA
"424",8237411,"202110","202210",1,"IS Major",NA,NA
"425",8237411,"202110","202220",1,"IS Major",NA,NA
"426",8237411,"202110","202310",1,"IS Major",NA,NA
"427",8237411,"202110","202320",1,"IS Major",NA,NA
"428",8237411,"202110","202410",1,"IS Major",NA,NA
"429",8237411,"202110","202420",1,"IS Major",NA,NA
"430",8238330,"202110","202110",1,"Business Economics",NA,NA
"431",8238330,"202110","202120",1,"Marketing",NA,NA
"432",8238330,"202110","202210",1,"Marketing",NA,NA
"433",8238330,"202110","202220",1,"IS Major","Marketing",NA
"434",8238330,"202110","202310",1,"IS Major","Marketing",NA
"435",8238330,"202110","202320",1,"IS Major","Marketing",NA
"436",8238330,"202110","202410",1,"IS Major","Marketing",NA
"437",8238330,"202110","202420",1,"IS Major","Marketing",NA
"438",8239231,"202110","202110",1,"IS Major",NA,NA
"439",8239231,"202110","202120",1,"Finance",NA,NA
"440",8239231,"202110","202210",1,"Finance",NA,NA
"441",8239231,"202110","202310",1,"Finance",NA,NA
"442",8239231,"202110","202320",1,"Finance",NA,NA
"443",8239231,"202110","202410",1,"Finance",NA,NA
"444",8239231,"202110","202420",1,"Finance",NA,NA
"445",8239643,"202110","202110",1,"IS Major",NA,NA
"446",8239643,"202110","202120",1,"IS Major",NA,NA
"447",8239643,"202110","202210",1,"IS Major",NA,NA
"448",8239643,"202110","202220",1,"IS Major",NA,NA
"449",8239643,"202110","202310",1,"IS Major",NA,NA
"450",8239643,"202110","202320",1,"IS Major",NA,NA
"451",8239643,"202110","202410",1,"IS Major",NA,NA
"452",8240060,"202110","202110",1,"IS Major",NA,NA
"453",8240060,"202110","202120",1,"IS Major",NA,NA
"454",8240060,"202110","202210",1,"IS Major",NA,NA
"455",8240060,"202110","202220",1,"Supply Chain & Operations Mgmt",NA,NA
"456",8240060,"202110","202310",1,"Supply Chain & Operations Mgmt",NA,NA
"457",8240060,"202110","202320",1,"Supply Chain & Operations Mgmt",NA,NA
"458",8240060,"202110","202410",1,"Supply Chain & Operations Mgmt",NA,NA
"459",8240060,"202110","202420",1,"Supply Chain & Operations Mgmt",NA,NA
"460",8240157,"202110","202110",1,"IS Major",NA,NA
"461",8240157,"202110","202120",1,"IS Major",NA,NA
"462",8240157,"202110","202210",1,"IS Major",NA,NA
"463",8240157,"202110","202220",1,"IS Major",NA,NA
"464",8240157,"202110","202310",1,"IS Major",NA,NA
"465",8240157,"202110","202320",1,"IS Major",NA,NA
"466",8240157,"202110","202410",1,"IS Major",NA,NA
"467",8240157,"202110","202420",1,"IS Major",NA,NA
"468",8242006,"202110","202110",1,"IS Major",NA,NA
"469",8242006,"202110","202120",1,"IS Major",NA,NA
"470",8242006,"202110","202210",1,"IS Major",NA,NA
"471",8242006,"202110","202220",1,"IS Major",NA,NA
"472",8242006,"202110","202310",1,"Cybersecurity Mgt Major",NA,NA
"473",8242006,"202110","202320",1,"Cybersecurity Mgt Major",NA,NA
"474",8242006,"202110","202410",1,"Cybersecurity Mgt Major",NA,NA
"475",8242006,"202110","202420",1,"Cybersecurity Mgt Major",NA,NA
"476",8242443,"202110","202110",1,"IS Major",NA,NA
"477",8242443,"202110","202120",1,"IS Major",NA,NA
"478",8242443,"202110","202210",1,"IS Major",NA,NA
"479",8242443,"202110","202220",1,"IS Major",NA,NA
"480",8242443,"202110","202310",1,"IS Major",NA,NA
"481",8242443,"202110","202320",1,"IS Major",NA,NA
"482",8242443,"202110","202410",1,"IS Major",NA,NA
"483",8242443,"202110","202420",1,"IS Major",NA,NA
"484",8243519,"202110","202110",1,"Accountancy",NA,NA
"485",8243519,"202110","202120",1,"Accountancy",NA,NA
"486",8243519,"202110","202210",1,"Accountancy","IS Major",NA
"487",8243519,"202110","202220",1,"Accountancy","IS Major",NA
"488",8243519,"202110","202310",1,"Accountancy","IS Major",NA
"489",8243519,"202110","202320",1,"Accountancy",NA,NA
"490",8243519,"202110","202410",1,"Accountancy",NA,NA
"491",8243519,"202110","202420",1,"Accountancy",NA,NA
"492",8243906,"202110","202110",1,"Marketing",NA,NA
"493",8243906,"202110","202120",1,"Marketing",NA,NA
"494",8243906,"202110","202210",1,"Marketing",NA,NA
"495",8243906,"202110","202220",1,"IS Major",NA,NA
"496",8243906,"202110","202310",1,"IS Major",NA,NA
"497",8243906,"202110","202320",1,"IS Major",NA,NA
"498",8243906,"202110","202410",1,"IS Major",NA,NA
"499",8243906,"202110","202420",1,"IS Major",NA,NA
"500",8245801,"202110","202110",1,"Undeclared - Business",NA,NA
"501",8245801,"202110","202120",1,"Undeclared - Business",NA,NA
"502",8245801,"202110","202210",1,"IS Major",NA,NA
"503",8245801,"202110","202220",1,"IS Major",NA,NA
"504",8245801,"202110","202310",1,"IS Major",NA,NA
"505",8245801,"202110","202320",1,"IS Major",NA,NA
"506",8245801,"202110","202410",1,"IS Major",NA,NA
"507",8246329,"202110","202110",1,"BA Major",NA,NA
"508",8246329,"202110","202120",1,"BA Major",NA,NA
"509",8246329,"202110","202210",1,"BA Major",NA,NA
"510",8246329,"202110","202220",1,"IS Major",NA,NA
"511",8246329,"202110","202310",1,"IS Major",NA,NA
"512",8246329,"202110","202320",1,"IS Major",NA,NA
"513",8246329,"202110","202410",1,"IS Major",NA,NA
"514",8246329,"202110","202420",1,"IS Major",NA,NA
"515",8246688,"202110","202110",1,"IS Major",NA,NA
"516",8246688,"202110","202120",1,"IS Major",NA,NA
"517",8246688,"202110","202210",1,"CEC",NA,NA
"518",8246688,"202110","202220",1,"CEC",NA,NA
"519",8246688,"202110","202310",1,"CEC",NA,NA
"520",8246688,"202110","202320",1,"CEC",NA,NA
"521",8246688,"202110","202410",1,"CEC",NA,NA
"522",8246688,"202110","202420",1,"CEC",NA,NA
"523",8246861,"202110","202110",1,"CCA","Finance",NA
"524",8246861,"202110","202120",1,"CCA","Finance",NA
"525",8246861,"202110","202210",1,"IS Major",NA,NA
"526",8246861,"202110","202220",1,"IS Major",NA,NA
"527",8246861,"202110","202310",1,"IS Major",NA,NA
"528",8246861,"202110","202320",1,"IS Major",NA,NA
"529",8246861,"202110","202410",1,"IS Major",NA,NA
"530",8246861,"202110","202420",1,"IS Major",NA,NA
"531",8246891,"202110","202110",1,"Business Economics",NA,NA
"532",8246891,"202110","202120",1,"IS Major",NA,NA
"533",8246891,"202110","202210",1,"IS Major",NA,NA
"534",8246891,"202110","202220",1,"IS Major",NA,NA
"535",8246891,"202110","202310",1,"IS Major",NA,NA
"536",8246891,"202110","202320",1,"IS Major",NA,NA
"537",8246891,"202110","202410",1,"IS Major",NA,NA
"538",8246891,"202110","202420",1,"IS Major",NA,NA
"539",8249408,"202110","202110",1,"Entrepreneurship","IS Major",NA
"540",8249408,"202110","202120",1,"Entrepreneurship","IS Major",NA
"541",8249408,"202110","202210",1,"Entrepreneurship","IS Major",NA
"542",8249408,"202110","202220",1,"Entrepreneurship","IS Major",NA
"543",8249408,"202110","202310",1,"Entrepreneurship","IS Major",NA
"544",8249408,"202110","202320",1,"Cybersecurity Mgt Major","Entrepreneurship",NA
"545",8249408,"202110","202410",1,"Cybersecurity Mgt Major","Entrepreneurship",NA
"546",8249408,"202110","202420",1,"Cybersecurity Mgt Major","Entrepreneurship",NA
"547",8250961,"202110","202110",1,"IS Major",NA,NA
"548",8250961,"202110","202120",1,"IS Major",NA,NA
"549",8250961,"202110","202210",1,"IS Major",NA,NA
"550",8250961,"202110","202220",1,"IS Major",NA,NA
"551",8250961,"202110","202310",1,"IS Major",NA,NA
"552",8250961,"202110","202320",1,"IS Major",NA,NA
"553",8250961,"202110","202410",1,"IS Major",NA,NA
"554",8250961,"202110","202420",1,"IS Major",NA,NA
"555",8251247,"202110","202110",1,"CEC",NA,NA
"556",8251247,"202110","202120",1,"CEC","IS Major",NA
"557",8251247,"202110","202210",1,"CEC",NA,NA
"558",8251247,"202110","202220",1,"CEC",NA,NA
"559",8251247,"202110","202310",1,"CEC",NA,NA
"560",8251247,"202110","202320",1,"CEC",NA,NA
"561",8251247,"202110","202410",1,"CEC",NA,NA
"562",8251247,"202110","202420",1,"CEC",NA,NA
"563",8260919,"202110","202110",1,"Marketing",NA,NA
"564",8260919,"202110","202120",1,"Marketing",NA,NA
"565",8260919,"202110","202210",1,"Marketing",NA,NA
"566",8260919,"202110","202220",1,"IS Major","Marketing",NA
"567",8260919,"202110","202310",1,"IS Major","Marketing",NA
"568",8260919,"202110","202320",1,"IS Major","Marketing",NA
"569",8260919,"202110","202410",1,"IS Major","Marketing",NA
"570",8260919,"202110","202420",1,"IS Major","Marketing",NA
"571",8262583,"202210","202210",1,"Supply Chain & Operations Mgmt",NA,NA
"572",8262583,"202210","202220",1,"Supply Chain & Operations Mgmt",NA,NA
"573",8262583,"202210","202310",1,"Cybersecurity Mgt Major",NA,NA
"574",8262583,"202210","202320",1,"Cybersecurity Mgt Major",NA,NA
"575",8262583,"202210","202410",1,"IS Major",NA,NA
"576",8262583,"202210","202420",1,"IS Major",NA,NA
"577",8262583,"202210","202510",1,"IS Major",NA,NA
"578",8265341,"202010","202010",1,"Finance",NA,NA
"579",8265341,"202010","202020",1,"IS Major",NA,NA
"580",8265341,"202010","202110",1,"IS Major",NA,NA
"581",8265341,"202010","202120",1,"IS Major",NA,NA
"582",8265341,"202010","202210",1,"Finance",NA,NA
"583",8265341,"202010","202220",1,"Finance",NA,NA
"584",8265341,"202010","202310",1,"Finance",NA,NA
"585",8265341,"202010","202320",1,"Finance",NA,NA
"586",8269664,"202010","202010",1,"Undeclared - Business",NA,NA
"587",8269664,"202010","202020",1,"Undeclared - Business",NA,NA
"588",8269664,"202010","202110",1,"Marketing",NA,NA
"589",8269664,"202010","202120",1,"IS Major",NA,NA
"590",8269664,"202010","202210",1,"IS Major",NA,NA
"591",8269664,"202010","202220",1,"IS Major",NA,NA
"592",8269664,"202010","202310",1,"IS Major",NA,NA
"593",8269664,"202010","202320",1,"IS Major",NA,NA
"594",8270244,"202010","202010",1,"IS Major",NA,NA
"595",8270244,"202010","202020",1,"IS Major",NA,NA
"596",8270244,"202010","202110",1,"IS Major",NA,NA
"597",8270244,"202010","202120",1,"IS Major",NA,NA
"598",8270244,"202010","202210",1,"IS Major",NA,NA
"599",8270244,"202010","202220",1,"IS Major",NA,NA
"600",8270244,"202010","202310",1,"IS Major",NA,NA
"601",8270244,"202010","202320",1,"IS Major",NA,NA
"602",8270285,"202010","202010",1,"Undeclared - Business",NA,NA
"603",8270285,"202010","202020",1,"Undeclared - Business",NA,NA
"604",8270285,"202010","202110",1,"Undeclared - Business",NA,NA
"605",8270285,"202010","202120",1,"Marketing",NA,NA
"606",8270285,"202010","202210",1,"IS Major",NA,NA
"607",8270285,"202010","202220",1,"IS Major",NA,NA
"608",8270285,"202010","202310",1,"IS Major",NA,NA
"609",8270285,"202010","202320",1,"IS Major",NA,NA
"610",8271899,"202010","202010",1,"Undeclared - Business",NA,NA
"611",8271899,"202010","202020",1,"Undeclared - Business",NA,NA
"612",8271899,"202010","202110",1,"Finance",NA,NA
"613",8271899,"202010","202120",1,"CEC","Finance",NA
"614",8271899,"202010","202210",1,"IS Major",NA,NA
"615",8271899,"202010","202220",1,"IS Major",NA,NA
"616",8271899,"202010","202310",1,"IS Major",NA,NA
"617",8271899,"202010","202320",1,"IS Major",NA,NA
"618",8272073,"202010","202010",1,"CAS",NA,NA
"619",8272073,"202010","202020",1,"CAS",NA,NA
"620",8272073,"202010","202110",1,"IS Major",NA,NA
"621",8272073,"202010","202120",1,"IS Major",NA,NA
"622",8272073,"202010","202210",1,"Finance","IS Major",NA
"623",8272073,"202010","202220",1,"Finance","IS Major",NA
"624",8272073,"202010","202310",1,"Finance","IS Major",NA
"625",8272073,"202010","202320",1,"Finance","IS Major",NA
"626",8272715,"202010","202010",1,"Business Economics",NA,NA
"627",8272715,"202010","202120",1,"Business Economics",NA,NA
"628",8272715,"202010","202210",1,"Business Economics",NA,NA
"629",8272715,"202010","202220",1,"Business Economics",NA,NA
"630",8272715,"202010","202310",1,"IS Major",NA,NA
"631",8272715,"202010","202320",1,"IS Major",NA,NA
"632",8272715,"202010","202410",1,"IS Major",NA,NA
"633",8272715,"202010","202420",1,"IS Major",NA,NA
"634",8273135,"202010","202010",1,"Business Economics",NA,NA
"635",8273135,"202010","202020",1,"Business Economics",NA,NA
"636",8273135,"202010","202110",1,"Business Economics",NA,NA
"637",8273135,"202010","202120",1,"Business Economics",NA,NA
"638",8273135,"202010","202210",1,"Business Economics",NA,NA
"639",8273135,"202010","202220",1,"IS Major",NA,NA
"640",8273135,"202010","202310",1,"IS Major",NA,NA
"641",8273135,"202010","202320",1,"IS Major",NA,NA
"642",8275281,"202010","202010",1,"CEC",NA,NA
"643",8275281,"202010","202020",1,"CEC",NA,NA
"644",8275281,"202010","202110",1,"IS Major",NA,NA
"645",8275281,"202010","202120",1,"IS Major",NA,NA
"646",8275281,"202010","202210",1,"IS Major",NA,NA
"647",8275281,"202010","202220",1,"IS Major",NA,NA
"648",8275281,"202010","202310",1,"IS Major",NA,NA
"649",8275281,"202010","202320",1,"IS Major",NA,NA
"650",8275768,"202010","202010",1,"Marketing",NA,NA
"651",8275768,"202010","202020",1,"Marketing",NA,NA
"652",8275768,"202010","202110",1,"BA Major",NA,NA
"653",8275768,"202010","202120",1,"IS Major",NA,NA
"654",8275768,"202010","202210",1,"IS Major",NA,NA
"655",8275768,"202010","202220",1,"IS Major",NA,NA
"656",8275768,"202010","202310",1,"IS Major",NA,NA
"657",8275768,"202010","202320",1,"IS Major",NA,NA
"658",8275990,"202010","202010",1,"Undeclared - Business",NA,NA
"659",8275990,"202010","202020",1,"Undeclared - Business",NA,NA
"660",8275990,"202010","202110",1,"Undeclared - Business",NA,NA
"661",8275990,"202010","202120",1,"IS Major",NA,NA
"662",8275990,"202010","202210",1,"IS Major",NA,NA
"663",8275990,"202010","202220",1,"BA Major",NA,NA
"664",8275990,"202010","202310",1,"BA Major",NA,NA
"665",8275990,"202010","202320",1,"BA Major",NA,NA
"666",8278406,"202010","202010",1,"Undeclared - Business",NA,NA
"667",8278406,"202010","202020",1,"Undeclared - Business",NA,NA
"668",8278406,"202010","202110",1,"Undeclared - Business",NA,NA
"669",8278406,"202010","202120",1,"IS Major",NA,NA
"670",8278406,"202010","202210",1,"IS Major",NA,NA
"671",8278406,"202010","202220",1,"IS Major",NA,NA
"672",8278406,"202010","202310",1,"IS Major",NA,NA
"673",8278406,"202010","202320",1,"IS Major",NA,NA
"674",8278735,"202010","202010",1,"IS Major",NA,NA
"675",8278735,"202010","202020",1,"IS Major",NA,NA
"676",8278735,"202010","202110",1,"BA Major","IS Major",NA
"677",8278735,"202010","202120",1,"BA Major","IS Major",NA
"678",8278735,"202010","202210",1,"BA Major","IS Major",NA
"679",8278735,"202010","202220",1,"BA Major","IS Major",NA
"680",8278735,"202010","202310",1,"BA Major","IS Major",NA
"681",8279029,"202010","202010",1,"IS Major",NA,NA
"682",8279029,"202010","202020",1,"IS Major",NA,NA
"683",8279029,"202010","202110",1,"IS Major",NA,NA
"684",8279029,"202010","202120",1,"IS Major",NA,NA
"685",8279029,"202010","202210",1,"IS Major",NA,NA
"686",8279029,"202010","202220",1,"IS Major",NA,NA
"687",8279029,"202010","202310",1,"IS Major",NA,NA
"688",8279029,"202010","202320",1,"IS Major",NA,NA
"689",8279045,"202010","202010",1,"IS Major",NA,NA
"690",8279045,"202010","202020",1,"IS Major",NA,NA
"691",8279045,"202010","202110",1,"IS Major","Supply Chain & Operations Mgmt",NA
"692",8279045,"202010","202120",1,"IS Major","Supply Chain & Operations Mgmt",NA
"693",8279045,"202010","202210",1,"IS Major","Supply Chain & Operations Mgmt",NA
"694",8279045,"202010","202220",1,"IS Major","Supply Chain & Operations Mgmt",NA
"695",8279045,"202010","202310",1,"IS Major","Supply Chain & Operations Mgmt",NA
"696",8279045,"202010","202320",1,"IS Major","Supply Chain & Operations Mgmt",NA
"697",8279077,"202010","202010",1,"IS Major",NA,NA
"698",8279077,"202010","202020",1,"IS Major",NA,NA
"699",8279077,"202010","202110",1,"BA Major",NA,NA
"700",8279077,"202010","202120",1,"BA Major","Finance",NA
"701",8279077,"202010","202210",1,"BA Major","Finance",NA
"702",8279077,"202010","202220",1,"BA Major","Finance",NA
"703",8279077,"202010","202310",1,"BA Major","Finance",NA
"704",8279077,"202010","202320",1,"BA Major","Finance",NA
"705",8279722,"202010","202010",1,"IS Major",NA,NA
"706",8279722,"202010","202020",1,"IS Major",NA,NA
"707",8279722,"202010","202110",1,"IS Major",NA,NA
"708",8279722,"202010","202120",1,"IS Major",NA,NA
"709",8279722,"202010","202210",1,"IS Major",NA,NA
"710",8279722,"202010","202220",1,"IS Major",NA,NA
"711",8279722,"202010","202310",1,"IS Major",NA,NA
"712",8279722,"202010","202320",1,"IS Major",NA,NA
"713",8280089,"202010","202010",1,"Business Economics",NA,NA
"714",8280089,"202010","202020",1,"Business Economics",NA,NA
"715",8280089,"202010","202120",1,"Business Economics",NA,NA
"716",8280089,"202010","202210",1,"IS Major",NA,NA
"717",8280089,"202010","202220",1,"IS Major",NA,NA
"718",8280089,"202010","202310",1,"Cybersecurity Mgt Major",NA,NA
"719",8280089,"202010","202320",1,"Cybersecurity Mgt Major",NA,NA
"720",8280089,"202010","202410",1,"Cybersecurity Mgt Major",NA,NA
"721",8280089,"202010","202420",1,"Cybersecurity Mgt Major",NA,NA
"722",8280700,"202010","202010",1,"Undeclared - Business",NA,NA
"723",8280700,"202010","202020",1,"IS Major",NA,NA
"724",8280700,"202010","202110",1,"IS Major",NA,NA
"725",8280700,"202010","202120",1,"IS Major",NA,NA
"726",8280700,"202010","202210",1,"BA Major",NA,NA
"727",8280700,"202010","202220",1,"BA Major",NA,NA
"728",8280700,"202010","202310",1,"BA Major",NA,NA
"729",8280700,"202010","202320",1,"BA Major",NA,NA
"730",8281486,"202010","202010",1,"Finance",NA,NA
"731",8281486,"202010","202020",1,"Finance",NA,NA
"732",8281486,"202010","202110",1,"Accountancy",NA,NA
"733",8281486,"202010","202120",1,"Accountancy",NA,NA
"734",8281486,"202010","202210",1,"Accountancy",NA,NA
"735",8281486,"202010","202220",1,"Accountancy",NA,NA
"736",8281486,"202010","202310",1,"Accountancy","IS Major",NA
"737",8281486,"202010","202320",1,"Accountancy","IS Major",NA
"738",8281982,"202010","202010",1,"Undeclared - Business",NA,NA
"739",8281982,"202010","202020",1,"Undeclared - Business",NA,NA
"740",8281982,"202010","202110",1,"Undeclared - Business",NA,NA
"741",8281982,"202010","202120",1,"IS Major",NA,NA
"742",8281982,"202010","202210",1,"BA Major",NA,NA
"743",8281982,"202010","202220",1,"BA Major",NA,NA
"744",8281982,"202010","202310",1,"BA Major",NA,NA
"745",8281982,"202010","202320",1,"BA Major",NA,NA
"746",8282676,"202010","202010",1,"Human Capital Mgmt& Leadership",NA,NA
"747",8282676,"202010","202020",1,"Human Capital Mgmt& Leadership",NA,NA
"748",8282676,"202010","202110",1,"Human Capital Mgmt& Leadership",NA,NA
"749",8282676,"202010","202120",1,"Human Capital Mgmt& Leadership",NA,NA
"750",8282676,"202010","202210",1,"Human Capital Mgmt& Leadership",NA,NA
"751",8282676,"202010","202220",1,"Human Capital Mgmt& Leadership","IS Major",NA
"752",8282676,"202010","202310",1,"Human Capital Mgmt& Leadership","IS Major",NA
"753",8282676,"202010","202320",1,"Human Capital Mgmt& Leadership","IS Major",NA
"754",8282692,"202010","202010",1,"Accountancy",NA,NA
"755",8282692,"202010","202020",1,"Accountancy",NA,NA
"756",8282692,"202010","202110",1,"Accountancy",NA,NA
"757",8282692,"202010","202120",1,"Accountancy",NA,NA
"758",8282692,"202010","202210",1,"Accountancy",NA,NA
"759",8282692,"202010","202220",1,"Accountancy",NA,NA
"760",8282692,"202010","202310",1,"IS Major",NA,NA
"761",8282692,"202010","202320",1,"IS Major",NA,NA
"762",8283222,"202010","202010",1,"Marketing",NA,NA
"763",8283222,"202010","202020",1,"Marketing",NA,NA
"764",8283222,"202010","202110",1,"Marketing",NA,NA
"765",8283222,"202010","202120",1,"IS Major","Marketing",NA
"766",8283222,"202010","202210",1,"IS Major","Marketing",NA
"767",8283222,"202010","202220",1,"IS Major","Marketing",NA
"768",8283222,"202010","202310",1,"IS Major","Marketing",NA
"769",8283222,"202010","202320",1,"IS Major","Marketing",NA
"770",8283990,"202010","202010",1,"Undeclared - Business",NA,NA
"771",8283990,"202010","202020",1,"IS Major",NA,NA
"772",8283990,"202010","202110",1,"CCA","IS Major",NA
"773",8283990,"202010","202120",1,"CCA","IS Major",NA
"774",8283990,"202010","202210",1,"CCA","IS Major",NA
"775",8283990,"202010","202220",1,"CCA","IS Major",NA
"776",8283990,"202010","202310",1,"CCA","IS Major",NA
"777",8283990,"202010","202320",1,"CCA","IS Major",NA
"778",8284203,"202010","202010",1,"Business Economics",NA,NA
"779",8284203,"202010","202020",1,"Business Economics",NA,NA
"780",8284203,"202010","202110",1,"Business Economics",NA,NA
"781",8284203,"202010","202120",1,"BA Major",NA,NA
"782",8284203,"202010","202210",1,"IS Major",NA,NA
"783",8284203,"202010","202220",1,"IS Major",NA,NA
"784",8284203,"202010","202310",1,"IS Major",NA,NA
"785",8284203,"202010","202320",1,"IS Major",NA,NA
"786",8285702,"202010","202010",1,"IS Major",NA,NA
"787",8285702,"202010","202020",1,"IS Major",NA,NA
"788",8285702,"202010","202110",1,"IS Major",NA,NA
"789",8285702,"202010","202120",1,"IS Major",NA,NA
"790",8285702,"202010","202210",1,"Marketing",NA,NA
"791",8285702,"202010","202220",1,"Marketing",NA,NA
"792",8285702,"202010","202310",1,"Marketing",NA,NA
"793",8285702,"202010","202320",1,"Marketing",NA,NA
"794",8285798,"202010","202010",1,"Business Economics",NA,NA
"795",8285798,"202010","202020",1,"Business Economics",NA,NA
"796",8285798,"202010","202110",1,"Business Economics",NA,NA
"797",8285798,"202010","202120",1,"IS Major",NA,NA
"798",8285798,"202010","202210",1,"IS Major",NA,NA
"799",8285798,"202010","202220",1,"IS Major",NA,NA
"800",8285798,"202010","202310",1,"IS Major",NA,NA
"801",8285798,"202010","202320",1,"IS Major",NA,NA
"802",8286870,"202010","202010",1,"IS Major",NA,NA
"803",8286870,"202010","202020",1,"IS Major",NA,NA
"804",8286870,"202010","202110",1,"BA Major","IS Major",NA
"805",8286870,"202010","202120",1,"BA Major","IS Major",NA
"806",8286870,"202010","202210",1,"IS Major",NA,NA
"807",8286870,"202010","202220",1,"IS Major",NA,NA
"808",8286870,"202010","202310",1,"IS Major",NA,NA
"809",8286870,"202010","202320",1,"IS Major",NA,NA
"810",8287228,"202010","202010",1,"CAS",NA,NA
"811",8287228,"202010","202020",1,"CAS",NA,NA
"812",8287228,"202010","202110",1,"IS Major",NA,NA
"813",8287228,"202010","202120",1,"IS Major",NA,NA
"814",8287228,"202010","202210",1,"IS Major",NA,NA
"815",8287228,"202010","202220",1,"IS Major",NA,NA
"816",8287228,"202010","202310",1,"IS Major",NA,NA
"817",8287228,"202010","202320",1,"IS Major",NA,NA
"818",8287451,"202010","202010",1,"IS Major",NA,NA
"819",8287451,"202010","202020",1,"IS Major",NA,NA
"820",8287451,"202010","202110",1,"IS Major",NA,NA
"821",8287451,"202010","202120",1,"IS Major",NA,NA
"822",8287451,"202010","202210",1,"IS Major",NA,NA
"823",8287451,"202010","202220",1,"IS Major",NA,NA
"824",8287451,"202010","202310",1,"IS Major",NA,NA
"825",8287451,"202010","202320",1,"IS Major",NA,NA
"826",8288224,"202010","202010",1,"Undeclared - Business",NA,NA
"827",8288224,"202010","202020",1,"Undeclared - Business",NA,NA
"828",8288224,"202010","202110",1,"Undeclared - Business",NA,NA
"829",8288224,"202010","202120",1,"IS Major",NA,NA
"830",8288224,"202010","202210",1,"IS Major",NA,NA
"831",8288224,"202010","202220",1,"IS Major",NA,NA
"832",8288224,"202010","202310",1,"IS Major",NA,NA
"833",8288224,"202010","202320",1,"IS Major",NA,NA
"834",8288743,"202010","202010",1,"Undeclared - Business",NA,NA
"835",8288743,"202010","202020",1,"Undeclared - Business",NA,NA
"836",8288743,"202010","202110",1,"Undeclared - Business",NA,NA
"837",8288743,"202010","202120",1,"IS Major",NA,NA
"838",8288743,"202010","202210",1,"IS Major",NA,NA
"839",8288743,"202010","202220",1,"IS Major",NA,NA
"840",8288743,"202010","202310",1,"IS Major",NA,NA
"841",8288743,"202010","202320",1,"IS Major",NA,NA
"842",8288840,"202010","202010",1,"Undeclared - Business",NA,NA
"843",8288840,"202010","202020",1,"Undeclared - Business",NA,NA
"844",8288840,"202010","202110",1,"Undeclared - Business",NA,NA
"845",8288840,"202010","202120",1,"Human Capital Mgmt& Leadership",NA,NA
"846",8288840,"202010","202210",1,"Human Capital Mgmt& Leadership",NA,NA
"847",8288840,"202010","202220",1,"IS Major",NA,NA
"848",8288840,"202010","202310",1,"IS Major",NA,NA
"849",8288840,"202010","202320",1,"IS Major",NA,NA
"850",8289212,"202010","202010",1,"Supply Chain & Operations Mgmt",NA,NA
"851",8289212,"202010","202020",1,"Supply Chain & Operations Mgmt",NA,NA
"852",8289212,"202010","202110",1,"IS Major",NA,NA
"853",8289212,"202010","202120",1,"IS Major",NA,NA
"854",8289212,"202010","202210",1,"IS Major",NA,NA
"855",8289212,"202010","202220",1,"IS Major",NA,NA
"856",8289212,"202010","202310",1,"IS Major",NA,NA
"857",8289212,"202010","202320",1,"IS Major",NA,NA
"858",8289532,"202010","202010",1,"CAS","Marketing",NA
"859",8289532,"202010","202020",1,"CAS","Marketing",NA
"860",8289532,"202010","202110",1,"CAS","Marketing",NA
"861",8289532,"202010","202120",1,"CAS","IS Major",NA
"862",8289532,"202010","202210",1,"CAS","IS Major",NA
"863",8289532,"202010","202220",1,"CAS","IS Major",NA
"864",8289532,"202010","202310",1,"CAS","IS Major",NA
"865",8289532,"202010","202320",1,"CAS","IS Major",NA
"866",8289763,"202010","202010",1,"Finance",NA,NA
"867",8289763,"202010","202020",1,"Finance",NA,NA
"868",8289763,"202010","202110",1,"Finance",NA,NA
"869",8289763,"202010","202120",1,"IS Major",NA,NA
"870",8289763,"202010","202210",1,"IS Major",NA,NA
"871",8289763,"202010","202220",1,"BA Major",NA,NA
"872",8289763,"202010","202310",1,"BA Major",NA,NA
"873",8289763,"202010","202320",1,"BA Major",NA,NA
"874",8289912,"202010","202010",1,"IS Major",NA,NA
"875",8289912,"202010","202020",1,"IS Major",NA,NA
"876",8289912,"202010","202110",1,"IS Major",NA,NA
"877",8289912,"202010","202120",1,"IS Major",NA,NA
"878",8289912,"202010","202210",1,"IS Major",NA,NA
"879",8289912,"202010","202220",1,"IS Major",NA,NA
"880",8290156,"202010","202010",1,"IS Major",NA,NA
"881",8290156,"202010","202020",1,"IS Major",NA,NA
"882",8290156,"202010","202110",1,"IS Major",NA,NA
"883",8290156,"202010","202120",1,"IS Major",NA,NA
"884",8290156,"202010","202210",1,"IS Major",NA,NA
"885",8290156,"202010","202220",1,"IS Major",NA,NA
"886",8290156,"202010","202310",1,"IS Major",NA,NA
"887",8290156,"202010","202320",1,"IS Major",NA,NA
"888",8290344,"202010","202010",1,"Business Economics",NA,NA
"889",8290344,"202010","202020",1,"Business Economics",NA,NA
"890",8290344,"202010","202110",1,"Business Economics",NA,NA
"891",8290344,"202010","202120",1,"IS Major",NA,NA
"892",8290344,"202010","202210",1,"IS Major",NA,NA
"893",8290344,"202010","202220",1,"IS Major",NA,NA
"894",8290344,"202010","202310",1,"IS Major",NA,NA
"895",8290344,"202010","202320",1,"IS Major",NA,NA
"896",8290581,"202010","202010",1,"Undeclared - Business",NA,NA
"897",8290581,"202010","202020",1,"Undeclared - Business",NA,NA
"898",8290581,"202010","202110",1,"Undeclared - Business",NA,NA
"899",8290581,"202010","202120",1,"Undeclared - Business",NA,NA
"900",8290581,"202010","202210",1,"IS Major",NA,NA
"901",8290581,"202010","202220",1,"IS Major",NA,NA
"902",8290581,"202010","202310",1,"IS Major",NA,NA
"903",8290581,"202010","202320",1,"IS Major",NA,NA
"904",8290744,"202010","202010",1,"CAS",NA,NA
"905",8290744,"202010","202020",1,"CAS",NA,NA
"906",8290744,"202010","202110",1,"IS Major",NA,NA
"907",8290744,"202010","202120",1,"IS Major",NA,NA
"908",8290744,"202010","202210",1,"IS Major",NA,NA
"909",8290744,"202010","202220",1,"IS Major",NA,NA
"910",8290744,"202010","202310",1,"IS Major",NA,NA
"911",8290744,"202010","202320",1,"IS Major",NA,NA
"912",8291186,"202010","202010",1,"Undeclared - Business",NA,NA
"913",8291186,"202010","202020",1,"Undeclared - Business",NA,NA
"914",8291186,"202010","202110",1,"Undeclared - Business",NA,NA
"915",8291186,"202010","202120",1,"IS Major",NA,NA
"916",8291186,"202010","202210",1,"IS Major",NA,NA
"917",8291186,"202010","202220",1,"IS Major",NA,NA
"918",8291186,"202010","202310",1,"IS Major",NA,NA
"919",8291186,"202010","202320",1,"IS Major",NA,NA
"920",8291384,"202010","202010",1,"Accountancy",NA,NA
"921",8291384,"202010","202020",1,"Accountancy","BA Major",NA
"922",8291384,"202010","202110",1,"Accountancy","BA Major",NA
"923",8291384,"202010","202120",1,"Accountancy","IS Major",NA
"924",8291384,"202010","202210",1,"Accountancy","IS Major",NA
"925",8291384,"202010","202220",1,"Accountancy","IS Major",NA
"926",8291384,"202010","202310",1,"Accountancy","CEC","IS Major"
"927",8291683,"202010","202010",1,"IS Major",NA,NA
"928",8291683,"202010","202020",1,"IS Major",NA,NA
"929",8291683,"202010","202110",1,"IS Major",NA,NA
"930",8291683,"202010","202120",1,"IS Major",NA,NA
"931",8291683,"202010","202210",1,"IS Major",NA,NA
"932",8291683,"202010","202220",1,"IS Major",NA,NA
"933",8291683,"202010","202310",1,"IS Major",NA,NA
"934",8291683,"202010","202320",1,"IS Major",NA,NA
"935",8291791,"202010","202010",1,"Undeclared - Business",NA,NA
"936",8291791,"202010","202020",1,"Undeclared - Business",NA,NA
"937",8291791,"202010","202110",1,"IS Major",NA,NA
"938",8291791,"202010","202120",1,"IS Major",NA,NA
"939",8291791,"202010","202210",1,"IS Major",NA,NA
"940",8291791,"202010","202220",1,"IS Major",NA,NA
"941",8291791,"202010","202310",1,"IS Major",NA,NA
"942",8291791,"202010","202320",1,"IS Major",NA,NA
"943",8292025,"202010","202010",1,"Undeclared - Business",NA,NA
"944",8292025,"202010","202020",1,"Undeclared - Business",NA,NA
"945",8292025,"202010","202110",1,"Undeclared - Business",NA,NA
"946",8292025,"202010","202120",1,"IS Major",NA,NA
"947",8292025,"202010","202210",1,"IS Major",NA,NA
"948",8292025,"202010","202220",1,"IS Major",NA,NA
"949",8292025,"202010","202310",1,"IS Major",NA,NA
"950",8292025,"202010","202320",1,"IS Major",NA,NA
"951",8292025,"202010","202410",1,"IS Major",NA,NA
"952",8292442,"202010","202010",1,"Entrepreneurship","Undeclared - Business",NA
"953",8292442,"202010","202020",1,"Entrepreneurship","Undeclared - Business",NA
"954",8292442,"202010","202110",1,"Entrepreneurship","Undeclared - Business",NA
"955",8292442,"202010","202120",1,"IS Major",NA,NA
"956",8292442,"202010","202210",1,"BA Major",NA,NA
"957",8292442,"202010","202220",1,"BA Major",NA,NA
"958",8292442,"202010","202310",1,"BA Major",NA,NA
"959",8292442,"202010","202320",1,"BA Major",NA,NA
"960",8293283,"202010","202010",1,"Accountancy",NA,NA
"961",8293283,"202010","202020",1,"Accountancy",NA,NA
"962",8293283,"202010","202110",1,"IS Major",NA,NA
"963",8293283,"202010","202120",1,"IS Major",NA,NA
"964",8293283,"202010","202210",1,"IS Major",NA,NA
"965",8293283,"202010","202220",1,"IS Major",NA,NA
"966",8293553,"202010","202010",1,"Accountancy",NA,NA
"967",8293553,"202010","202020",1,"Accountancy",NA,NA
"968",8293553,"202010","202110",1,"Accountancy",NA,NA
"969",8293553,"202010","202120",1,"BA Major","IS Major",NA
"970",8293553,"202010","202210",1,"BA Major","IS Major",NA
"971",8293553,"202010","202220",1,"BA Major","IS Major",NA
"972",8293553,"202010","202310",1,"BA Major","IS Major",NA
"973",8293553,"202010","202320",1,"BA Major","IS Major",NA
"974",8294324,"202010","202010",1,"IS Major",NA,NA
"975",8294324,"202010","202020",1,"IS Major",NA,NA
"976",8294324,"202010","202110",1,"IS Major",NA,NA
"977",8294324,"202010","202120",1,"IS Major",NA,NA
"978",8294324,"202010","202210",1,"IS Major",NA,NA
"979",8294324,"202010","202220",1,"IS Major",NA,NA
"980",8294324,"202010","202310",1,"IS Major",NA,NA
"981",8294574,"202010","202010",1,"Accountancy",NA,NA
"982",8294574,"202010","202020",1,"Accountancy",NA,NA
"983",8294574,"202010","202110",1,"Accountancy",NA,NA
"984",8294574,"202010","202120",1,"IS Major",NA,NA
"985",8294574,"202010","202210",1,"IS Major",NA,NA
"986",8294574,"202010","202220",1,"IS Major",NA,NA
"987",8294574,"202010","202310",1,"IS Major",NA,NA
"988",8294574,"202010","202320",1,"IS Major",NA,NA
"989",8294890,"202010","202020",1,"IS Major",NA,NA
"990",8294890,"202010","202110",1,"IS Major",NA,NA
"991",8294890,"202010","202120",1,"IS Major",NA,NA
"992",8294890,"202010","202010",1,"*NSD",NA,NA
"993",8295277,"202010","202010",1,"Marketing",NA,NA
"994",8295277,"202010","202020",1,"Marketing",NA,NA
"995",8295277,"202010","202110",1,"Entrepreneurship","Marketing",NA
"996",8295277,"202010","202120",1,"Entrepreneurship","IS Major",NA
"997",8295277,"202010","202210",1,"IS Major",NA,NA
"998",8295277,"202010","202220",1,"IS Major",NA,NA
"999",8295277,"202010","202310",1,"IS Major",NA,NA
"1000",8295277,"202010","202320",1,"IS Major",NA,NA
"1001",8295511,"202010","202010",1,"IS Major",NA,NA
"1002",8295511,"202010","202020",1,"IS Major",NA,NA
"1003",8295511,"202010","202110",1,"IS Major",NA,NA
"1004",8295511,"202010","202120",1,"IS Major",NA,NA
"1005",8295511,"202010","202210",1,"IS Major",NA,NA
"1006",8295511,"202010","202220",1,"IS Major",NA,NA
"1007",8295511,"202010","202310",1,"IS Major",NA,NA
"1008",8295511,"202010","202320",1,"IS Major",NA,NA
"1009",8308960,"202110","202110",1,"Accountancy",NA,NA
"1010",8308960,"202110","202120",1,"Accountancy",NA,NA
"1011",8308960,"202110","202210",1,"Accountancy",NA,NA
"1012",8308960,"202110","202220",1,"Accountancy","IS Major",NA
"1013",8308960,"202110","202310",1,"Accountancy","IS Major",NA
"1014",8308960,"202110","202320",1,"Accountancy","IS Major",NA
"1015",8308960,"202110","202410",1,"Accountancy","IS Major",NA
"1016",8308960,"202110","202420",1,"Accountancy","IS Major",NA
"1017",8309047,"201910","201910",1,"Finance",NA,NA
"1018",8309047,"201910","201920",1,"Finance",NA,NA
"1019",8309047,"201910","202010",1,"Finance",NA,NA
"1020",8309047,"201910","202020",1,"Finance",NA,NA
"1021",8309047,"201910","202110",1,"BA Major","IS Major",NA
"1022",8309047,"201910","202120",1,"BA Major","IS Major",NA
"1023",8309047,"201910","202210",1,"BA Major",NA,NA
"1024",8309047,"201910","202220",1,"BA Major",NA,NA
"1025",8309076,"201910","201910",1,"Accountancy",NA,NA
"1026",8309076,"201910","201920",1,"Accountancy",NA,NA
"1027",8309076,"201910","202010",1,"Finance","IS Major",NA
"1028",8309076,"201910","202020",1,"Finance","IS Major",NA
"1029",8309076,"201910","202110",1,"Finance","IS Major",NA
"1030",8309076,"201910","202120",1,"Finance","IS Major",NA
"1031",8309076,"201910","202210",1,"Finance","IS Major",NA
"1032",8309076,"201910","202220",1,"Finance","IS Major",NA
"1033",8311146,"201910","201910",1,"IS Major",NA,NA
"1034",8311146,"201910","201920",1,"BA Major",NA,NA
"1035",8311146,"201910","202010",1,"BA Major",NA,NA
"1036",8311146,"201910","202020",1,"BA Major",NA,NA
"1037",8311146,"201910","202110",1,"BA Major",NA,NA
"1038",8311146,"201910","202120",1,"BA Major",NA,NA
"1039",8311146,"201910","202210",1,"BA Major",NA,NA
"1040",8311146,"201910","202220",1,"BA Major",NA,NA
"1041",8311225,"201910","201910",1,"Undeclared - Business",NA,NA
"1042",8311225,"201910","201920",1,"Undeclared - Business",NA,NA
"1043",8311225,"201910","202010",1,"IS Major",NA,NA
"1044",8311225,"201910","202020",1,"IS Major",NA,NA
"1045",8311225,"201910","202110",1,"IS Major",NA,NA
"1046",8311225,"201910","202120",1,"IS Major",NA,NA
"1047",8311225,"201910","202210",1,"IS Major",NA,NA
"1048",8311225,"201910","202220",1,"IS Major",NA,NA
"1049",8315620,"201910","201910",1,"Finance",NA,NA
"1050",8315620,"201910","201920",1,"Finance",NA,NA
"1051",8315620,"201910","202010",1,"Finance",NA,NA
"1052",8315620,"201910","202020",1,"IS Major",NA,NA
"1053",8315620,"201910","202110",1,"BA Major",NA,NA
"1054",8315620,"201910","202120",1,"BA Major",NA,NA
"1055",8315620,"201910","202210",1,"BA Major",NA,NA
"1056",8315620,"201910","202220",1,"BA Major",NA,NA
"1057",8315620,"201910","202310",1,"BA Major",NA,NA
"1058",8316012,"201910","201910",1,"CAS",NA,NA
"1059",8316012,"201910","201920",1,"CAS",NA,NA
"1060",8316012,"201910","202020",1,"IS Major",NA,NA
"1061",8316012,"201910","202110",1,"IS Major",NA,NA
"1062",8316012,"201910","202120",1,"IS Major",NA,NA
"1063",8316012,"201910","202210",1,"IS Major",NA,NA
"1064",8316012,"201910","202220",1,"IS Major",NA,NA
"1065",8317382,"201910","201910",1,"IS Major",NA,NA
"1066",8317382,"201910","201920",1,"IS Major",NA,NA
"1067",8317382,"201910","202010",1,"IS Major",NA,NA
"1068",8317382,"201910","202020",1,"IS Major",NA,NA
"1069",8317382,"201910","202210",1,"IS Major",NA,NA
"1070",8317382,"201910","202220",1,"IS Major",NA,NA
"1071",8317382,"201910","202310",1,"Cybersecurity Mgt Major",NA,NA
"1072",8317382,"201910","202320",1,"Cybersecurity Mgt Major",NA,NA
"1073",8317791,"201910","201910",1,"BA Major",NA,NA
"1074",8317791,"201910","201920",1,"BA Major",NA,NA
"1075",8317791,"201910","202010",1,"IS Major",NA,NA
"1076",8317791,"201910","202020",1,"IS Major",NA,NA
"1077",8317791,"201910","202110",1,"IS Major",NA,NA
"1078",8317791,"201910","202120",1,"IS Major",NA,NA
"1079",8317791,"201910","202210",1,"IS Major",NA,NA
"1080",8317791,"201910","202220",1,"IS Major",NA,NA
"1081",8318800,"201910","201910",1,"Undeclared - Business",NA,NA
"1082",8318800,"201910","201920",1,"Undeclared - Business",NA,NA
"1083",8318800,"201910","202010",1,"Undeclared - Business",NA,NA
"1084",8318800,"201910","202020",1,"IS Major",NA,NA
"1085",8318800,"201910","202110",1,"IS Major",NA,NA
"1086",8318800,"201910","202120",1,"IS Major",NA,NA
"1087",8318800,"201910","202210",1,"IS Major",NA,NA
"1088",8318800,"201910","202220",1,"IS Major",NA,NA
"1089",8319253,"201910","201910",1,"Human Capital Mgmt& Leadership",NA,NA
"1090",8319253,"201910","201920",1,"Human Capital Mgmt& Leadership",NA,NA
"1091",8319253,"201910","202010",1,"Human Capital Mgmt& Leadership",NA,NA
"1092",8319253,"201910","202020",1,"IS Major",NA,NA
"1093",8319253,"201910","202110",1,"IS Major",NA,NA
"1094",8319253,"201910","202120",1,"IS Major",NA,NA
"1095",8319253,"201910","202210",1,"IS Major",NA,NA
"1096",8319253,"201910","202220",1,"IS Major",NA,NA
"1097",8320580,"201910","201910",1,"Undeclared - Business",NA,NA
"1098",8320580,"201910","202010",1,"Finance",NA,NA
"1099",8320580,"201910","202020",1,"Finance",NA,NA
"1100",8320580,"201910","202110",1,"IS Major",NA,NA
"1101",8320580,"201910","202120",1,"IS Major",NA,NA
"1102",8320580,"201910","202210",1,"IS Major",NA,NA
"1103",8320580,"201910","202220",1,"IS Major",NA,NA
"1104",8323169,"202110","202110",1,"IS Major",NA,NA
"1105",8323169,"202110","202120",1,"IS Major",NA,NA
"1106",8323169,"202110","202210",1,"IS Major",NA,NA
"1107",8323169,"202110","202220",1,"IS Major",NA,NA
"1108",8323169,"202110","202310",1,"IS Major",NA,NA
"1109",8323169,"202110","202320",1,"IS Major",NA,NA
"1110",8324729,"201910","201910",1,"CAS",NA,NA
"1111",8324729,"201910","201920",1,"CAS",NA,NA
"1112",8324729,"201910","202010",1,"Undeclared - Business",NA,NA
"1113",8324729,"201910","202020",1,"IS Major",NA,NA
"1114",8324729,"201910","202110",1,"IS Major",NA,NA
"1115",8324729,"201910","202120",1,"IS Major",NA,NA
"1116",8324729,"201910","202210",1,"IS Major",NA,NA
"1117",8324729,"201910","202220",1,"IS Major",NA,NA
"1118",8325776,"201910","201910",1,"IS Major",NA,NA
"1119",8325776,"201910","201920",1,"IS Major",NA,NA
"1120",8325776,"201910","202010",1,"IS Major",NA,NA
"1121",8325776,"201910","202020",1,"IS Major",NA,NA
"1122",8325776,"201910","202110",1,"IS Major",NA,NA
"1123",8325776,"201910","202120",1,"IS Major",NA,NA
"1124",8325776,"201910","202210",1,"IS Major",NA,NA
"1125",8325776,"201910","202220",1,"IS Major",NA,NA
"1126",8326128,"201910","201910",1,"BA Major",NA,NA
"1127",8326128,"201910","201920",1,"IS Major",NA,NA
"1128",8326128,"201910","202010",1,"IS Major",NA,NA
"1129",8326128,"201910","202020",1,"CAS",NA,NA
"1130",8326128,"201910","202110",1,"CAS",NA,NA
"1131",8326128,"201910","202120",1,"CAS",NA,NA
"1132",8326128,"201910","202210",1,"CAS",NA,NA
"1133",8326128,"201910","202220",1,"CAS",NA,NA
"1134",8326128,"201910","202310",1,"CAS",NA,NA
"1135",8327105,"201910","201910",1,"Finance",NA,NA
"1136",8327105,"201910","201920",1,"Finance",NA,NA
"1137",8327105,"201910","202010",1,"IS Major",NA,NA
"1138",8327105,"201910","202020",1,"Finance",NA,NA
"1139",8327105,"201910","202110",1,"Finance",NA,NA
"1140",8327105,"201910","202120",1,"Finance",NA,NA
"1141",8327105,"201910","202210",1,"Finance",NA,NA
"1142",8327105,"201910","202220",1,"Finance",NA,NA
"1143",8327670,"201910","201910",1,"Undeclared - Business",NA,NA
"1144",8327670,"201910","201920",1,"Human Capital Mgmt& Leadership",NA,NA
"1145",8327670,"201910","202010",1,"IS Major",NA,NA
"1146",8327670,"201910","202020",1,"IS Major",NA,NA
"1147",8327670,"201910","202110",1,"IS Major",NA,NA
"1148",8327670,"201910","202120",1,"IS Major",NA,NA
"1149",8327670,"201910","202210",1,"IS Major",NA,NA
"1150",8327670,"201910","202220",1,"IS Major",NA,NA
"1151",8329475,"201910","201910",1,"Marketing",NA,NA
"1152",8329475,"201910","201920",1,"Marketing",NA,NA
"1153",8329475,"201910","202010",1,"IS Major",NA,NA
"1154",8329475,"201910","202020",1,"IS Major",NA,NA
"1155",8329475,"201910","202110",1,"IS Major",NA,NA
"1156",8329475,"201910","202120",1,"IS Major",NA,NA
"1157",8329675,"201910","201910",1,"IS Major",NA,NA
"1158",8329675,"201910","201920",1,"IS Major",NA,NA
"1159",8329675,"201910","202010",1,"IS Major",NA,NA
"1160",8329675,"201910","202020",1,"IS Major",NA,NA
"1161",8329675,"201910","202110",1,"IS Major",NA,NA
"1162",8329675,"201910","202120",1,"IS Major",NA,NA
"1163",8329675,"201910","202210",1,"IS Major",NA,NA
"1164",8329675,"201910","202220",1,"IS Major",NA,NA
"1165",8330331,"201910","201910",1,"Business Economics",NA,NA
"1166",8330331,"201910","201920",1,"Business Economics",NA,NA
"1167",8330331,"201910","202010",1,"Business Economics",NA,NA
"1168",8330331,"201910","202020",1,"IS Major",NA,NA
"1169",8330331,"201910","202110",1,"IS Major",NA,NA
"1170",8330331,"201910","202120",1,"IS Major",NA,NA
"1171",8330331,"201910","202210",1,"IS Major",NA,NA
"1172",8330331,"201910","202220",1,"IS Major",NA,NA
"1173",8330667,"201910","201910",1,"BA Major",NA,NA
"1174",8330667,"201910","201920",1,"BA Major",NA,NA
"1175",8330667,"201910","202010",1,"BA Major",NA,NA
"1176",8330667,"201910","202020",1,"BA Major","IS Major",NA
"1177",8330667,"201910","202110",1,"BA Major","IS Major",NA
"1178",8330667,"201910","202120",1,"BA Major","IS Major",NA
"1179",8330667,"201910","202210",1,"BA Major","IS Major",NA
"1180",8330667,"201910","202220",1,"BA Major","IS Major",NA
"1181",8331244,"201910","201910",1,"Finance",NA,NA
"1182",8331244,"201910","201920",1,"Finance",NA,NA
"1183",8331244,"201910","202010",1,"IS Major",NA,NA
"1184",8331244,"201910","202020",1,"IS Major",NA,NA
"1185",8331244,"201910","202110",1,"IS Major",NA,NA
"1186",8331244,"201910","202120",1,"IS Major",NA,NA
"1187",8331244,"201910","202220",1,"IS Major",NA,NA
"1188",8331618,"201910","201910",1,"CEC",NA,NA
"1189",8331618,"201910","201920",1,"CEC",NA,NA
"1190",8331618,"201910","202010",1,"CEC",NA,NA
"1191",8331618,"201910","202020",1,"IS Major",NA,NA
"1192",8331618,"201910","202110",1,"IS Major",NA,NA
"1193",8331618,"201910","202120",1,"IS Major",NA,NA
"1194",8331618,"201910","202210",1,"IS Major",NA,NA
"1195",8331618,"201910","202220",1,"IS Major",NA,NA
"1196",8331743,"201910","201910",1,"Finance",NA,NA
"1197",8331743,"201910","201920",1,"Finance",NA,NA
"1198",8331743,"201910","202010",1,"IS Major",NA,NA
"1199",8331743,"201910","202020",1,"IS Major",NA,NA
"1200",8331743,"201910","202110",1,"IS Major",NA,NA
"1201",8331743,"201910","202120",1,"IS Major",NA,NA
"1202",8331743,"201910","202210",1,"IS Major",NA,NA
"1203",8331743,"201910","202220",1,"IS Major",NA,NA
"1204",8333235,"201910","201910",1,"Undeclared - Business",NA,NA
"1205",8333235,"201910","201920",1,"Marketing",NA,NA
"1206",8333235,"201910","202010",1,"Marketing",NA,NA
"1207",8333235,"201910","202020",1,"IS Major","Marketing",NA
"1208",8333235,"201910","202110",1,"IS Major",NA,NA
"1209",8333235,"201910","202120",1,"IS Major",NA,NA
"1210",8333235,"201910","202210",1,"IS Major",NA,NA
"1211",8333235,"201910","202220",1,"IS Major",NA,NA
"1212",8333381,"201910","201910",1,"Accountancy",NA,NA
"1213",8333381,"201910","201920",1,"Accountancy",NA,NA
"1214",8333381,"201910","202010",1,"BA Major",NA,NA
"1215",8333381,"201910","202020",1,"BA Major","IS Major",NA
"1216",8333381,"201910","202110",1,"BA Major","IS Major",NA
"1217",8333381,"201910","202120",1,"IS Major",NA,NA
"1218",8333381,"201910","202210",1,"IS Major",NA,NA
"1219",8333381,"201910","202220",1,"IS Major",NA,NA
"1220",8333444,"201910","201910",1,"Accountancy",NA,NA
"1221",8333444,"201910","201920",1,"Accountancy",NA,NA
"1222",8333444,"201910","202010",1,"IS Major",NA,NA
"1223",8333444,"201910","202020",1,"IS Major",NA,NA
"1224",8333444,"201910","202110",1,"IS Major",NA,NA
"1225",8333444,"201910","202120",1,"IS Major",NA,NA
"1226",8333444,"201910","202210",1,"IS Major",NA,NA
"1227",8333444,"201910","202220",1,"IS Major",NA,NA
"1228",8333498,"201910","201910",1,"Marketing",NA,NA
"1229",8333498,"201910","201920",1,"CAS","Marketing",NA
"1230",8333498,"201910","202010",1,"CAS","Marketing",NA
"1231",8333498,"201910","202020",1,"IS Major","Marketing",NA
"1232",8333498,"201910","202110",1,"IS Major","Marketing",NA
"1233",8333498,"201910","202120",1,"IS Major","Marketing",NA
"1234",8333498,"201910","202210",1,"IS Major","Marketing",NA
"1235",8333498,"201910","202220",1,"IS Major","Marketing",NA
"1236",8334152,"201910","201910",1,"IS Major",NA,NA
"1237",8334152,"201910","201920",1,"IS Major",NA,NA
"1238",8334152,"201910","202010",1,"IS Major",NA,NA
"1239",8334152,"201910","202020",1,"IS Major",NA,NA
"1240",8334152,"201910","202110",1,"IS Major",NA,NA
"1241",8334152,"201910","202120",1,"IS Major",NA,NA
"1242",8334152,"201910","202210",1,"IS Major",NA,NA
"1243",8334152,"201910","202220",1,"IS Major",NA,NA
"1244",8334506,"201910","201910",1,"IS Major",NA,NA
"1245",8334506,"201910","201920",1,"IS Major",NA,NA
"1246",8334506,"201910","202010",1,"IS Major",NA,NA
"1247",8334506,"201910","202020",1,"IS Major",NA,NA
"1248",8334506,"201910","202110",1,"IS Major",NA,NA
"1249",8334506,"201910","202120",1,"IS Major",NA,NA
"1250",8334506,"201910","202210",1,"IS Major",NA,NA
"1251",8334506,"201910","202220",1,"IS Major",NA,NA
"1252",8334898,"201910","201910",1,"IS Major",NA,NA
"1253",8334898,"201910","201920",1,"IS Major",NA,NA
"1254",8334898,"201910","202010",1,"IS Major",NA,NA
"1255",8334898,"201910","202020",1,"IS Major",NA,NA
"1256",8334898,"201910","202110",1,"IS Major",NA,NA
"1257",8334898,"201910","202120",1,"IS Major",NA,NA
"1258",8334898,"201910","202210",1,"IS Major",NA,NA
"1259",8334898,"201910","202220",1,"IS Major",NA,NA
"1260",8335099,"201910","201910",1,"Business Economics",NA,NA
"1261",8335099,"201910","201920",1,"IS Major",NA,NA
"1262",8335099,"201910","202010",1,"Entrepreneurship","IS Major",NA
"1263",8335099,"201910","202020",1,"IS Major",NA,NA
"1264",8335099,"201910","202110",1,"IS Major",NA,NA
"1265",8335099,"201910","202120",1,"Entrepreneurship","IS Major",NA
"1266",8335099,"201910","202210",1,"Entrepreneurship","IS Major",NA
"1267",8335099,"201910","202220",1,"Entrepreneurship","IS Major",NA
"1268",8336051,"201910","201910",1,"CAS",NA,NA
"1269",8336051,"201910","201920",1,"CAS",NA,NA
"1270",8336051,"201910","202010",1,"Undeclared - Business",NA,NA
"1271",8336051,"201910","202020",1,"Undeclared - Business",NA,NA
"1272",8336051,"201910","202110",1,"Supply Chain & Operations Mgmt",NA,NA
"1273",8336051,"201910","202120",1,"Supply Chain & Operations Mgmt",NA,NA
"1274",8336051,"201910","202210",1,"IS Major",NA,NA
"1275",8336051,"201910","202220",1,"IS Major",NA,NA
"1276",8336139,"201910","201910",1,"Finance",NA,NA
"1277",8336139,"201910","201920",1,"Finance",NA,NA
"1278",8336139,"201910","202010",1,"Finance",NA,NA
"1279",8336139,"201910","202020",1,"Finance","IS Major",NA
"1280",8336139,"201910","202110",1,"Finance","IS Major",NA
"1281",8336139,"201910","202120",1,"Finance","IS Major",NA
"1282",8336139,"201910","202210",1,"Finance","IS Major",NA
"1283",8336139,"201910","202220",1,"Finance","IS Major",NA
"1284",8336578,"201910","201910",1,"BA Major",NA,NA
"1285",8336578,"201910","201920",1,"BA Major",NA,NA
"1286",8336578,"201910","202010",1,"BA Major",NA,NA
"1287",8336578,"201910","202020",1,"BA Major",NA,NA
"1288",8336578,"201910","202110",1,"IS Major",NA,NA
"1289",8336578,"201910","202120",1,"IS Major",NA,NA
"1290",8336578,"201910","202210",1,"IS Major",NA,NA
"1291",8336578,"201910","202220",1,"IS Major",NA,NA
"1292",8336655,"201910","201910",1,"Marketing",NA,NA
"1293",8336655,"201910","201920",1,"Marketing",NA,NA
"1294",8336655,"201910","202010",1,"Finance",NA,NA
"1295",8336655,"201910","202020",1,"Finance",NA,NA
"1296",8336655,"201910","202110",1,"IS Major",NA,NA
"1297",8336655,"201910","202120",1,"IS Major",NA,NA
"1298",8336655,"201910","202210",1,"IS Major",NA,NA
"1299",8336655,"201910","202220",1,"IS Major",NA,NA
"1300",8336766,"201910","201910",1,"Business Economics",NA,NA
"1301",8336766,"201910","201920",1,"Business Economics",NA,NA
"1302",8336766,"201910","202010",1,"IS Major",NA,NA
"1303",8336766,"201910","202020",1,"Accountancy","IS Major",NA
"1304",8336766,"201910","202110",1,"Accountancy","IS Major",NA
"1305",8336766,"201910","202120",1,"Accountancy","IS Major",NA
"1306",8336766,"201910","202210",1,"Accountancy","IS Major",NA
"1307",8336766,"201910","202220",1,"Accountancy","IS Major",NA
"1308",8336795,"201910","201910",1,"Finance",NA,NA
"1309",8336795,"201910","201920",1,"Finance",NA,NA
"1310",8336795,"201910","202010",1,"Finance",NA,NA
"1311",8336795,"201910","202020",1,"Finance",NA,NA
"1312",8336795,"201910","202110",1,"IS Major",NA,NA
"1313",8336795,"201910","202120",1,"IS Major",NA,NA
"1314",8336795,"201910","202210",1,"IS Major",NA,NA
"1315",8336795,"201910","202220",1,"IS Major",NA,NA
"1316",8338465,"201910","201910",1,"Business Economics",NA,NA
"1317",8338465,"201910","201920",1,"Business Economics",NA,NA
"1318",8338465,"201910","202010",1,"Business Economics",NA,NA
"1319",8338465,"201910","202020",1,"Business Economics",NA,NA
"1320",8338465,"201910","202110",1,"IS Major",NA,NA
"1321",8338465,"201910","202120",1,"IS Major",NA,NA
"1322",8338465,"201910","202210",1,"IS Major",NA,NA
"1323",8338465,"201910","202220",1,"IS Major",NA,NA
"1324",8341263,"201910","201910",1,"IS Major",NA,NA
"1325",8341263,"201910","201920",1,"CAS","IS Major",NA
"1326",8341263,"201910","202010",1,"CCA","IS Major",NA
"1327",8341263,"201910","202020",1,"*NSD",NA,NA
"1328",8341458,"201910","201910",1,"Supply Chain & Operations Mgmt",NA,NA
"1329",8341458,"201910","201920",1,"Supply Chain & Operations Mgmt",NA,NA
"1330",8341458,"201910","202010",1,"IS Major",NA,NA
"1331",8341458,"201910","202020",1,"IS Major",NA,NA
"1332",8341458,"201910","202110",1,"IS Major",NA,NA
"1333",8341458,"201910","202120",1,"IS Major",NA,NA
"1334",8341458,"201910","202210",1,"IS Major",NA,NA
"1335",8341458,"201910","202220",1,"IS Major",NA,NA
"1336",8351487,"201910","201910",1,"CEC",NA,NA
"1337",8351487,"201910","201920",1,"CAS",NA,NA
"1338",8351487,"201910","202010",1,"Undeclared - Business",NA,NA
"1339",8351487,"201910","202020",1,"IS Major",NA,NA
"1340",8351487,"201910","202110",1,"Marketing",NA,NA
"1341",8351487,"201910","202120",1,"Marketing",NA,NA
"1342",8351487,"201910","202210",1,"Marketing",NA,NA
"1343",8351487,"201910","202220",1,"Marketing",NA,NA
"1344",8354519,"201810","201810",1,"Finance",NA,NA
"1345",8354519,"201810","201820",1,"Finance",NA,NA
"1346",8354519,"201810","201910",1,"Finance",NA,NA
"1347",8354519,"201810","201920",1,"IS Major",NA,NA
"1348",8354519,"201810","202010",1,"BA Major","IS Major",NA
"1349",8354519,"201810","202020",1,"IS Major",NA,NA
"1350",8354519,"201810","202110",1,"IS Major",NA,NA
"1351",8354519,"201810","202120",1,"IS Major",NA,NA
"1352",8355890,"201810","201810",1,"CAS",NA,NA
"1353",8355890,"201810","201820",1,"CAS",NA,NA
"1354",8355890,"201810","201910",1,"CAS",NA,NA
"1355",8355890,"201810","201920",1,"IS Major",NA,NA
"1356",8355890,"201810","202010",1,"BA Major",NA,NA
"1357",8355890,"201810","202020",1,"BA Major",NA,NA
"1358",8355890,"201810","202110",1,"BA Major",NA,NA
"1359",8355890,"201810","202120",1,"BA Major",NA,NA
"1360",8357001,"201810","201810",1,"CAS",NA,NA
"1361",8357001,"201810","201820",1,"CAS",NA,NA
"1362",8357001,"201810","201910",1,"CAS",NA,NA
"1363",8357001,"201810","201920",1,"CAS",NA,NA
"1364",8357001,"201810","202010",1,"BA Major",NA,NA
"1365",8357001,"201810","202020",1,"BA Major",NA,NA
"1366",8357001,"201810","202110",1,"BA Major",NA,NA
"1367",8357001,"201810","202120",1,"IS Major",NA,NA
"1368",8357001,"201810","202210",1,"IS Major",NA,NA
"1369",8357001,"201810","202220",1,"IS Major",NA,NA
"1370",8364032,"201810","201810",1,"Finance",NA,NA
"1371",8364032,"201810","201820",1,"Accountancy",NA,NA
"1372",8364032,"201810","201910",1,"Accountancy",NA,NA
"1373",8364032,"201810","201920",1,"Accountancy","IS Major",NA
"1374",8364032,"201810","202010",1,"Accountancy",NA,NA
"1375",8364032,"201810","202020",1,"Accountancy",NA,NA
"1376",8364032,"201810","202110",1,"Accountancy",NA,NA
"1377",8364032,"201810","202120",1,"Accountancy",NA,NA
"1378",8365162,"201810","201810",1,"Accountancy",NA,NA
"1379",8365162,"201810","201820",1,"Accountancy",NA,NA
"1380",8365162,"201810","201910",1,"Accountancy",NA,NA
"1381",8365162,"201810","201920",1,"IS Major",NA,NA
"1382",8365162,"201810","202010",1,"IS Major",NA,NA
"1383",8365162,"201810","202020",1,"IS Major",NA,NA
"1384",8365162,"201810","202110",1,"IS Major",NA,NA
"1385",8365162,"201810","202120",1,"IS Major",NA,NA
"1386",8365422,"201810","201810",1,"Business Economics",NA,NA
"1387",8365422,"201810","201820",1,"BA Major",NA,NA
"1388",8365422,"201810","201910",1,"IS Major",NA,NA
"1389",8365422,"201810","201920",1,"BA Major",NA,NA
"1390",8365422,"201810","202010",1,"BA Major",NA,NA
"1391",8365422,"201810","202020",1,"BA Major",NA,NA
"1392",8365422,"201810","202110",1,"BA Major",NA,NA
"1393",8365422,"201810","202120",1,"BA Major",NA,NA
"1394",8366918,"201810","201810",1,"BA Major",NA,NA
"1395",8366918,"201810","201820",1,"BA Major",NA,NA
"1396",8366918,"201810","201910",1,"BA Major",NA,NA
"1397",8366918,"201810","201920",1,"IS Major",NA,NA
"1398",8366918,"201810","202010",1,"IS Major",NA,NA
"1399",8366918,"201810","202020",1,"IS Major",NA,NA
"1400",8366918,"201810","202110",1,"IS Major",NA,NA
"1401",8366918,"201810","202120",1,"IS Major","Supply Chain & Operations Mgmt",NA
"1402",8368121,"201810","201810",1,"Marketing",NA,NA
"1403",8368121,"201810","201820",1,"IS Major",NA,NA
"1404",8368121,"201810","201910",1,"IS Major",NA,NA
"1405",8368121,"201810","201920",1,"BA Major",NA,NA
"1406",8368121,"201810","202010",1,"BA Major",NA,NA
"1407",8368121,"201810","202020",1,"BA Major",NA,NA
"1408",8368121,"201810","202110",1,"BA Major",NA,NA
"1409",8368925,"201810","201810",1,"Finance",NA,NA
"1410",8368925,"201810","201820",1,"IS Major",NA,NA
"1411",8368925,"201810","201910",1,"IS Major",NA,NA
"1412",8368925,"201810","201920",1,"IS Major",NA,NA
"1413",8368925,"201810","202010",1,"IS Major",NA,NA
"1414",8368925,"201810","202020",1,"IS Major",NA,NA
"1415",8368925,"201810","202110",1,"IS Major",NA,NA
"1416",8369263,"201810","201810",1,"Business Economics",NA,NA
"1417",8369263,"201810","201820",1,"Business Economics",NA,NA
"1418",8369263,"201810","201910",1,"IS Major",NA,NA
"1419",8369263,"201810","201920",1,"IS Major",NA,NA
"1420",8369263,"201810","202010",1,"IS Major",NA,NA
"1421",8369263,"201810","202020",1,"IS Major",NA,NA
"1422",8369263,"201810","202110",1,"IS Major",NA,NA
"1423",8369263,"201810","202120",1,"IS Major",NA,NA
"1424",8369816,"201810","201810",1,"CAS",NA,NA
"1425",8369816,"201810","201820",1,"CAS",NA,NA
"1426",8369816,"201810","201910",1,"Business Economics",NA,NA
"1427",8369816,"201810","201920",1,"Business Economics","IS Major",NA
"1428",8369816,"201810","202010",1,"Business Economics","IS Major",NA
"1429",8369816,"201810","202020",1,"Business Economics","IS Major",NA
"1430",8369816,"201810","202110",1,"Business Economics","IS Major",NA
"1431",8369816,"201810","202120",1,"Business Economics","IS Major",NA
"1432",8370493,"201810","201810",1,"IS Major",NA,NA
"1433",8370493,"201810","201820",1,"Finance",NA,NA
"1434",8370493,"201810","201910",1,"Finance",NA,NA
"1435",8370493,"201810","201920",1,"Finance",NA,NA
"1436",8370493,"201810","202010",1,"Finance",NA,NA
"1437",8370493,"201810","202110",1,"Finance",NA,NA
"1438",8370493,"201810","202120",1,"Finance",NA,NA
"1439",8371019,"201810","201810",1,"Undeclared - Business",NA,NA
"1440",8371019,"201810","201820",1,"Undeclared - Business",NA,NA
"1441",8371019,"201810","201910",1,"Undeclared - Business",NA,NA
"1442",8371019,"201810","201920",1,"IS Major",NA,NA
"1443",8371019,"201810","202010",1,"IS Major","Marketing",NA
"1444",8371019,"201810","202020",1,"IS Major",NA,NA
"1445",8371019,"201810","202110",1,"IS Major",NA,NA
"1446",8371019,"201810","202120",1,"IS Major",NA,NA
"1447",8372734,"201810","201810",1,"IS Major",NA,NA
"1448",8372734,"201810","201820",1,"IS Major",NA,NA
"1449",8372734,"201810","201910",1,"IS Major",NA,NA
"1450",8372734,"201810","201920",1,"IS Major",NA,NA
"1451",8372734,"201810","202010",1,"IS Major",NA,NA
"1452",8372734,"201810","202020",1,"IS Major",NA,NA
"1453",8372734,"201810","202110",1,"IS Major",NA,NA
"1454",8372734,"201810","202120",1,"IS Major",NA,NA
"1455",8372868,"201810","201810",1,"Finance",NA,NA
"1456",8372868,"201810","201820",1,"Finance",NA,NA
"1457",8372868,"201810","201910",1,"Finance",NA,NA
"1458",8372868,"201810","201920",1,"Entrepreneurship","IS Major",NA
"1459",8372868,"201810","202010",1,"Entrepreneurship","IS Major",NA
"1460",8372868,"201810","202020",1,"Entrepreneurship","IS Major",NA
"1461",8372868,"201810","202110",1,"Entrepreneurship","IS Major",NA
"1462",8372868,"201810","202120",1,"Entrepreneurship","IS Major",NA
"1463",8372995,"201810","201810",1,"Human Capital Mgmt& Leadership",NA,NA
"1464",8372995,"201810","201820",1,"Human Capital Mgmt& Leadership",NA,NA
"1465",8372995,"201810","201910",1,"IS Major",NA,NA
"1466",8372995,"201810","201920",1,"BA Major","IS Major",NA
"1467",8372995,"201810","202010",1,"BA Major","IS Major",NA
"1468",8372995,"201810","202020",1,"BA Major","IS Major",NA
"1469",8372995,"201810","202110",1,"BA Major","IS Major",NA
"1470",8372995,"201810","202120",1,"BA Major","IS Major",NA
"1471",8373123,"201810","201810",1,"Marketing",NA,NA
"1472",8373123,"201810","201820",1,"Marketing",NA,NA
"1473",8373123,"201810","201910",1,"Marketing",NA,NA
"1474",8373123,"201810","201920",1,"Marketing",NA,NA
"1475",8373123,"201810","202010",1,"IS Major","Marketing",NA
"1476",8373123,"201810","202020",1,"IS Major","Marketing",NA
"1477",8373123,"201810","202110",1,"IS Major","Marketing",NA
"1478",8373123,"201810","202120",1,"IS Major","Marketing",NA
"1479",8373893,"201810","201810",1,"CAS",NA,NA
"1480",8373893,"201810","201820",1,"CAS",NA,NA
"1481",8373893,"201810","201910",1,"Undeclared - Business",NA,NA
"1482",8373893,"201810","201920",1,"IS Major",NA,NA
"1483",8373893,"201810","202010",1,"IS Major",NA,NA
"1484",8373893,"201810","202020",1,"IS Major",NA,NA
"1485",8373893,"201810","202110",1,"IS Major",NA,NA
"1486",8373893,"201810","202120",1,"IS Major",NA,NA
"1487",8373905,"201810","201810",1,"BA Major",NA,NA
"1488",8373905,"201810","201820",1,"BA Major",NA,NA
"1489",8373905,"201810","201910",1,"BA Major",NA,NA
"1490",8373905,"201810","201920",1,"BA Major",NA,NA
"1491",8373905,"201810","202010",1,"BA Major",NA,NA
"1492",8373905,"201810","202020",1,"BA Major",NA,NA
"1493",8373905,"201810","202110",1,"IS Major",NA,NA
"1494",8373905,"201810","202120",1,"IS Major",NA,NA
"1495",8374059,"201810","201810",1,"BA Major",NA,NA
"1496",8374059,"201810","201820",1,"BA Major",NA,NA
"1497",8374059,"201810","201910",1,"BA Major",NA,NA
"1498",8374059,"201810","201920",1,"IS Major",NA,NA
"1499",8374059,"201810","202010",1,"IS Major",NA,NA
"1500",8374059,"201810","202020",1,"IS Major",NA,NA
"1501",8374059,"201810","202110",1,"IS Major",NA,NA
"1502",8377224,"201810","201810",1,"Undeclared - Business",NA,NA
"1503",8377224,"201810","201820",1,"Undeclared - Business",NA,NA
"1504",8377224,"201810","201910",1,"IS Major",NA,NA
"1505",8377224,"201810","201920",1,"IS Major",NA,NA
"1506",8377224,"201810","202010",1,"IS Major",NA,NA
"1507",8377224,"201810","202020",1,"IS Major",NA,NA
"1508",8377224,"201810","202110",1,"IS Major",NA,NA
"1509",8377224,"201810","202120",1,"IS Major",NA,NA
"1510",8377378,"201810","201810",1,"CEC","Undeclared - Business",NA
"1511",8377378,"201810","201820",1,"CEC","IS Major",NA
"1512",8377378,"201810","201910",1,"IS Major",NA,NA
"1513",8377378,"201810","201920",1,"IS Major",NA,NA
"1514",8377378,"201810","202010",1,"IS Major",NA,NA
"1515",8377378,"201810","202020",1,"IS Major",NA,NA
"1516",8377378,"201810","202110",1,"IS Major",NA,NA
"1517",8377378,"201810","202120",1,"IS Major",NA,NA
"1518",8378080,"201810","201810",1,"Human Capital Mgmt& Leadership",NA,NA
"1519",8378080,"201810","201820",1,"Human Capital Mgmt& Leadership",NA,NA
"1520",8378080,"201810","201910",1,"Human Capital Mgmt& Leadership",NA,NA
"1521",8378080,"201810","201920",1,"IS Major",NA,NA
"1522",8378080,"201810","202010",1,"IS Major",NA,NA
"1523",8378080,"201810","202020",1,"IS Major","Supply Chain & Operations Mgmt",NA
"1524",8378080,"201810","202110",1,"IS Major","Supply Chain & Operations Mgmt",NA
"1525",8378080,"201810","202120",1,"IS Major","Supply Chain & Operations Mgmt",NA
"1526",8378360,"201810","201810",1,"Undeclared - Business",NA,NA
"1527",8378360,"201810","201820",1,"Undeclared - Business",NA,NA
"1528",8378360,"201810","201910",1,"IS Major",NA,NA
"1529",8378360,"201810","201920",1,"IS Major",NA,NA
"1530",8378360,"201810","202010",1,"IS Major",NA,NA
"1531",8378360,"201810","202020",1,"IS Major",NA,NA
"1532",8378360,"201810","202110",1,"IS Major",NA,NA
"1533",8378360,"201810","202120",1,"IS Major",NA,NA
"1534",8379005,"201810","201810",1,"Supply Chain & Operations Mgmt",NA,NA
"1535",8379005,"201810","201820",1,"Supply Chain & Operations Mgmt",NA,NA
"1536",8379005,"201810","201910",1,"IS Major",NA,NA
"1537",8379005,"201810","201920",1,"IS Major",NA,NA
"1538",8379005,"201810","202010",1,"IS Major",NA,NA
"1539",8379005,"201810","202020",1,"Accountancy","IS Major",NA
"1540",8379005,"201810","202110",1,"Accountancy","IS Major",NA
"1541",8379005,"201810","202120",1,"Accountancy","IS Major",NA
"1542",8379300,"201810","201810",1,"IS Major",NA,NA
"1543",8379300,"201810","201820",1,"IS Major",NA,NA
"1544",8379300,"201810","201910",1,"IS Major",NA,NA
"1545",8379300,"201810","201920",1,"IS Major",NA,NA
"1546",8379300,"201810","202010",1,"IS Major",NA,NA
"1547",8379300,"201810","202020",1,"IS Major",NA,NA
"1548",8379300,"201810","202110",1,"IS Major",NA,NA
"1549",8379300,"201810","202120",1,"IS Major",NA,NA
"1550",8379976,"201810","201810",1,"IS Major",NA,NA
"1551",8379976,"201810","201820",1,"IS Major",NA,NA
"1552",8379976,"201810","201910",1,"IS Major",NA,NA
"1553",8379976,"201810","201920",1,"IS Major",NA,NA
"1554",8379976,"201810","202010",1,"IS Major",NA,NA
"1555",8379976,"201810","202020",1,"IS Major",NA,NA
"1556",8379976,"201810","202110",1,"IS Major",NA,NA
"1557",8379976,"201810","202120",1,"IS Major",NA,NA
"1558",8382476,"201810","201810",1,"Finance",NA,NA
"1559",8382476,"201810","201820",1,"Finance",NA,NA
"1560",8382476,"201810","201910",1,"Finance","IS Major",NA
"1561",8382476,"201810","201920",1,"BA Major","IS Major",NA
"1562",8382476,"201810","202010",1,"IS Major",NA,NA
"1563",8382476,"201810","202020",1,"IS Major",NA,NA
"1564",8382476,"201810","202110",1,"IS Major",NA,NA
"1565",8382476,"201810","202120",1,"IS Major",NA,NA
"1566",8382573,"201810","201810",1,"Marketing",NA,NA
"1567",8382573,"201810","201820",1,"CCA","Supply Chain & Operations Mgmt",NA
"1568",8382573,"201810","201910",1,"CCA",NA,NA
"1569",8382573,"201810","201920",1,"CCA","IS Major",NA
"1570",8382573,"201810","202010",1,"BA Major","CCA",NA
"1571",8382573,"201810","202020",1,"CCA",NA,NA
"1572",8382573,"201810","202110",1,"CCA",NA,NA
"1573",8382573,"201810","202120",1,"CCA",NA,NA
"1574",8383536,"201810","201810",1,"CAS",NA,NA
"1575",8383536,"201810","201820",1,"CEC",NA,NA
"1576",8383536,"201810","201910",1,"CEC",NA,NA
"1577",8383536,"201810","201920",1,"CEC",NA,NA
"1578",8383536,"201810","202010",1,"IS Major",NA,NA
"1579",8383536,"201810","202020",1,"IS Major",NA,NA
"1580",8383536,"201810","202110",1,"IS Major",NA,NA
"1581",8383536,"201810","202120",1,"IS Major",NA,NA
"1582",8383536,"201810","202210",1,"IS Major",NA,NA
"1583",8383536,"201810","202220",1,"IS Major",NA,NA
"1584",8384327,"201810","201810",1,"CAS",NA,NA
"1585",8384327,"201810","201820",1,"CAS",NA,NA
"1586",8384327,"201810","201910",1,"Finance",NA,NA
"1587",8384327,"201810","201920",1,"Finance",NA,NA
"1588",8384327,"201810","202010",1,"IS Major",NA,NA
"1589",8384327,"201810","202020",1,"IS Major",NA,NA
"1590",8384327,"201810","202110",1,"IS Major",NA,NA
"1591",8384327,"201810","202120",1,"IS Major",NA,NA
"1592",8384480,"201810","201810",1,"IS Major",NA,NA
"1593",8384480,"201810","201820",1,"IS Major",NA,NA
"1594",8384480,"201810","201910",1,"IS Major",NA,NA
"1595",8384480,"201810","201920",1,"IS Major",NA,NA
"1596",8384480,"201810","202010",1,"IS Major",NA,NA
"1597",8384480,"201810","202020",1,"IS Major",NA,NA
"1598",8384480,"201810","202110",1,"IS Major",NA,NA
"1599",8384480,"201810","202120",1,"IS Major",NA,NA
"1600",8385582,"201810","201810",1,"Supply Chain & Operations Mgmt",NA,NA
"1601",8385582,"201810","201820",1,"Supply Chain & Operations Mgmt",NA,NA
"1602",8385582,"201810","201910",1,"Supply Chain & Operations Mgmt",NA,NA
"1603",8385582,"201810","201920",1,"Supply Chain & Operations Mgmt",NA,NA
"1604",8385582,"201810","202010",1,"IS Major","Supply Chain & Operations Mgmt",NA
"1605",8385582,"201810","202020",1,"IS Major","Supply Chain & Operations Mgmt",NA
"1606",8385582,"201810","202110",1,"IS Major","Supply Chain & Operations Mgmt",NA
"1607",8385582,"201810","202120",1,"IS Major","Supply Chain & Operations Mgmt",NA
"1608",8385894,"201810","201810",1,"Human Capital Mgmt& Leadership",NA,NA
"1609",8385894,"201810","201820",1,"Human Capital Mgmt& Leadership",NA,NA
"1610",8385894,"201810","201910",1,"Human Capital Mgmt& Leadership",NA,NA
"1611",8385894,"201810","201920",1,"Supply Chain & Operations Mgmt",NA,NA
"1612",8385894,"201810","202010",1,"IS Major",NA,NA
"1613",8385894,"201810","202020",1,"IS Major",NA,NA
"1614",8385894,"201810","202110",1,"IS Major",NA,NA
"1615",8385894,"201810","202120",1,"IS Major",NA,NA
"1616",8386138,"201810","201810",1,"BA Major","CAS",NA
"1617",8386138,"201810","201820",1,"BA Major","CAS",NA
"1618",8386138,"201810","201910",1,"CAS","IS Major",NA
"1619",8386138,"201810","201920",1,"CAS","IS Major",NA
"1620",8386138,"201810","202010",1,"CAS","IS Major",NA
"1621",8386138,"201810","202020",1,"CAS","IS Major",NA
"1622",8386138,"201810","202110",1,"CAS","IS Major",NA
"1623",8386138,"201810","202120",1,"CAS","IS Major",NA
"1624",8386140,"201810","201810",1,"Business Economics",NA,NA
"1625",8386140,"201810","201820",1,"Business Economics",NA,NA
"1626",8386140,"201810","201910",1,"IS Major",NA,NA
"1627",8386140,"201810","201920",1,"IS Major",NA,NA
"1628",8386140,"201810","202010",1,"IS Major",NA,NA
"1629",8386140,"201810","202020",1,"IS Major",NA,NA
"1630",8386140,"201810","202110",1,"IS Major",NA,NA
"1631",8386140,"201810","202120",1,"IS Major",NA,NA
"1632",8386564,"201810","201810",1,"Undeclared - Business",NA,NA
"1633",8386564,"201810","201820",1,"Undeclared - Business",NA,NA
"1634",8386564,"201810","201910",1,"Finance",NA,NA
"1635",8386564,"201810","201920",1,"IS Major",NA,NA
"1636",8386564,"201810","202010",1,"IS Major",NA,NA
"1637",8386564,"201810","202020",1,"IS Major",NA,NA
"1638",8386564,"201810","202110",1,"IS Major",NA,NA
"1639",8386564,"201810","202120",1,"IS Major",NA,NA
"1640",8387041,"201810","201810",1,"Undeclared - Business",NA,NA
"1641",8387041,"201810","201820",1,"Undeclared - Business",NA,NA
"1642",8387041,"201810","201910",1,"IS Major",NA,NA
"1643",8387041,"201810","201920",1,"IS Major",NA,NA
"1644",8387041,"201810","202010",1,"IS Major",NA,NA
"1645",8387041,"201810","202020",1,"IS Major",NA,NA
"1646",8387041,"201810","202110",1,"IS Major",NA,NA
"1647",8387041,"201810","202120",1,"IS Major",NA,NA
"1648",8387094,"201810","201810",1,"CAS",NA,NA
"1649",8387094,"201810","201820",1,"CAS",NA,NA
"1650",8387094,"201810","201910",1,"IS Major",NA,NA
"1651",8387094,"201810","201920",1,"IS Major",NA,NA
"1652",8387094,"201810","202010",1,"IS Major",NA,NA
"1653",8387094,"201810","202020",1,"IS Major",NA,NA
"1654",8387094,"201810","202110",1,"IS Major",NA,NA
"1655",8387094,"201810","202120",1,"IS Major",NA,NA
"1656",8387197,"201810","201810",1,"Accountancy",NA,NA
"1657",8387197,"201810","201820",1,"Accountancy",NA,NA
"1658",8387197,"201810","201910",1,"Accountancy",NA,NA
"1659",8387197,"201810","201920",1,"Accountancy",NA,NA
"1660",8387197,"201810","202010",1,"Accountancy",NA,NA
"1661",8387197,"201810","202020",1,"Accountancy","IS Major",NA
"1662",8387197,"201810","202110",1,"Accountancy","IS Major",NA
"1663",8387197,"201810","202120",1,"Accountancy","IS Major",NA
"1664",8387363,"201810","201810",1,"Finance",NA,NA
"1665",8387363,"201810","201820",1,"Finance",NA,NA
"1666",8387363,"201810","201910",1,"IS Major",NA,NA
"1667",8387363,"201810","201920",1,"IS Major",NA,NA
"1668",8387363,"201810","202010",1,"IS Major",NA,NA
"1669",8387363,"201810","202020",1,"IS Major",NA,NA
"1670",8387363,"201810","202110",1,"IS Major",NA,NA
"1671",8387363,"201810","202120",1,"IS Major",NA,NA
"1672",8389050,"201810","201810",1,"Finance",NA,NA
"1673",8389050,"201810","201820",1,"Finance",NA,NA
"1674",8389050,"201810","201910",1,"IS Major",NA,NA
"1675",8389050,"201810","201920",1,"IS Major",NA,NA
"1676",8389050,"201810","202010",1,"IS Major",NA,NA
"1677",8389050,"201810","202020",1,"IS Major",NA,NA
"1678",8389050,"201810","202110",1,"IS Major",NA,NA
"1679",8389050,"201810","202120",1,"IS Major",NA,NA
"1680",8389212,"201810","201810",1,"Accountancy",NA,NA
"1681",8389212,"201810","201820",1,"Accountancy",NA,NA
"1682",8389212,"201810","201910",1,"Accountancy",NA,NA
"1683",8389212,"201810","201920",1,"Accountancy",NA,NA
"1684",8389212,"201810","202010",1,"IS Major",NA,NA
"1685",8389212,"201810","202020",1,"IS Major",NA,NA
"1686",8389212,"201810","202110",1,"IS Major",NA,NA
"1687",8389212,"201810","202120",1,"IS Major",NA,NA
"1688",8389477,"201810","201810",1,"Marketing",NA,NA
"1689",8389477,"201810","201820",1,"BA Major",NA,NA
"1690",8389477,"201810","201910",1,"IS Major",NA,NA
"1691",8389477,"201810","201920",1,"IS Major",NA,NA
"1692",8389477,"201810","202010",1,"IS Major",NA,NA
"1693",8389477,"201810","202020",1,"IS Major",NA,NA
"1694",8389477,"201810","202110",1,"IS Major",NA,NA
"1695",8389477,"201810","202120",1,"IS Major",NA,NA
"1696",8398087,"201810","201810",1,"Accountancy",NA,NA
"1697",8398087,"201810","201820",1,"Accountancy",NA,NA
"1698",8398087,"201810","201910",1,"Accountancy",NA,NA
"1699",8398087,"201810","201920",1,"Accountancy",NA,NA
"1700",8398087,"201810","202010",1,"IS Major",NA,NA
"1701",8398087,"201810","202020",1,"IS Major",NA,NA
"1702",8398087,"201810","202110",1,"IS Major",NA,NA
"1703",8398087,"201810","202120",1,"IS Major",NA,NA
"1704",8398165,"201810","201810",1,"Accountancy",NA,NA
"1705",8398165,"201810","201820",1,"Accountancy",NA,NA
"1706",8398165,"201810","201910",1,"Accountancy","IS Major",NA
"1707",8398165,"201810","201920",1,"Accountancy","IS Major",NA
"1708",8398165,"201810","202010",1,"Accountancy","IS Major",NA
"1709",8398165,"201810","202020",1,"Accountancy","IS Major",NA
"1710",8398165,"201810","202110",1,"Accountancy","IS Major",NA
"1711",8398165,"201810","202120",1,"Accountancy","IS Major",NA
"1712",8398303,"201910","201910",1,"IS Major",NA,NA
"1713",8398303,"201910","201920",1,"IS Major",NA,NA
"1714",8398303,"201910","202010",1,"IS Major",NA,NA
"1715",8398303,"201910","202020",1,"BA Major",NA,NA
"1716",8398303,"201910","202110",1,"BA Major",NA,NA
"1717",8398303,"201910","202120",1,"BA Major",NA,NA
"1718",8398303,"201910","202210",1,"BA Major",NA,NA
"1719",8398303,"201910","202220",1,"BA Major",NA,NA
"1720",8398329,"201810","201810",1,"Human Capital Mgmt& Leadership",NA,NA
"1721",8398329,"201810","201820",1,"Human Capital Mgmt& Leadership",NA,NA
"1722",8398329,"201810","201910",1,"Human Capital Mgmt& Leadership",NA,NA
"1723",8398329,"201810","201920",1,"Human Capital Mgmt& Leadership","IS Major",NA
"1724",8398329,"201810","202010",1,"Human Capital Mgmt& Leadership","IS Major",NA
"1725",8398329,"201810","202020",1,"IS Major",NA,NA
"1726",8398329,"201810","202110",1,"IS Major",NA,NA
"1727",8398329,"201810","202120",1,"IS Major",NA,NA
"1728",8398877,"201910","201910",1,"Accountancy",NA,NA
"1729",8398877,"201910","201920",1,"Finance",NA,NA
"1730",8398877,"201910","202010",1,"Finance",NA,NA
"1731",8398877,"201910","202020",1,"Entrepreneurship","IS Major",NA
"1732",8398877,"201910","202110",1,"Business Economics","Entrepreneurship",NA
"1733",8398877,"201910","202120",1,"Business Economics","Entrepreneurship",NA
"1734",8398877,"201910","202210",1,"Business Economics","Entrepreneurship",NA
"1735",8398877,"201910","202220",1,"Business Economics","Entrepreneurship",NA
"1736",8401257,"201810","201810",1,"Business Economics",NA,NA
"1737",8401257,"201810","201820",1,"Business Economics",NA,NA
"1738",8401257,"201810","201910",1,"BA Major","Business Economics",NA
"1739",8401257,"201810","201920",1,"BA Major","Business Economics",NA
"1740",8401257,"201810","202010",1,"*NSD","IS Major",NA
"1741",8401257,"201810","202020",1,"BA Major","IS Major",NA
"1742",8401257,"201810","202110",1,"BA Major","IS Major",NA
"1743",8401257,"201810","202120",1,"BA Major","IS Major",NA
"1744",8425267,"201810","201810",1,"Business Economics",NA,NA
"1745",8425267,"201810","201820",1,"Business Economics",NA,NA
"1746",8425267,"201810","201910",1,"IS Major",NA,NA
"1747",8425267,"201810","201920",1,"IS Major",NA,NA
"1748",8425267,"201810","202010",1,"IS Major",NA,NA
"1749",8425267,"201810","202020",1,"IS Major",NA,NA
"1750",8425267,"201810","202110",1,"IS Major",NA,NA
"1751",8425267,"201810","202120",1,"IS Major",NA,NA
"1752",9885956,"202210","202210",1,"IS Major",NA,NA
"1753",9885956,"202210","202210",NA,NA,NA,NA
"1754",9885956,"202210","202210",NA,NA,NA,NA
"1755",9885956,"202210","202210",NA,NA,NA,NA
"1756",9885956,"202210","202210",NA,NA,NA,NA
